RegionID,RegionName,SizeRank,2008-03,2008-04,2008-05,2008-06,2008-07,2008-08,2008-09,2008-10,2008-11,2008-12,2009-01,2009-02,2009-03,2009-04,2009-05,2009-06,2009-07,2009-08,2009-09,2009-10,2009-11,2009-12,2010-01,2010-02,2010-03,2010-04,2010-05,2010-06,2010-07,2010-08,2010-09,2010-10,2010-11,2010-12,2011-01,2011-02,2011-03,2011-04,2011-05,2011-06,2011-07,2011-08,2011-09,2011-10,2011-11,2011-12,2012-01,2012-02,2012-03,2012-04,2012-05,2012-06,2012-07,2012-08,2012-09,2012-10,2012-11,2012-12,2013-01,2013-02,2013-03,2013-04,2013-05,2013-06,2013-07,2013-08,2013-09,2013-10,2013-11,2013-12,2014-01,2014-02,2014-03,2014-04,2014-05,2014-06,2014-07,2014-08,2014-09,2014-10,2014-11,2014-12,2015-01,2015-02,2015-03,2015-04,2015-05,2015-06,2015-07,2015-08,2015-09,2015-10,2015-11,2015-12,2016-01,2016-02,2016-03,2016-04,2016-05,2016-06,2016-07,2016-08,2016-09,2016-10,2016-11,2016-12,2017-01,2017-02,2017-03,2017-04,2017-05,2017-06,2017-07,2017-08,2017-09,2017-10,2017-11,2017-12
9.0,California,1,23468.0,28502.0,31308.0,33033.0,36600.0,35246.0,36402.0,38801.0,29323.0,35957.0,29060.0,28965.0,35808.0,37160.0,37073.0,41831.0,42227.0,36895.0,37438.0,38354.0,32820.0,37865.0,26615.0,27213.0,36453.0,36222.0,38297.0,40150.0,33367.0,32737.0,32347.0,30324.0,29131.0,34505.0,26553.0,26204.0,36346.0,34373.0,34561.0,38335.0,33779.0,36774.0,33857.0,31241.0,30779.0,34616.0,27029.0,29002.0,36685.0,35846.0,40338.0,39724.0,37265.0,39947.0,32002.0,37239.0,34178.0,37291.0,28870.0,29391.0,37151.0,39306.0,42980.0,39853.0,42664.0,42126.0,35359.0,37436.0,31707.0,33387.0,26651.0,26509.0,32538.0,38210.0,38721.0,38732.0,39767.0,37586.0,35185.0,37371.0,29214.0,34041.0,25696.0,26334.0,36305.0,41043.0,41396.0,45979.0,45720.0,40922.0,39774.0,37918.0,30154.0,38231.0,27347.0,28313.0,38146.0,40316.0,42336.0,46783.0,41349.0,44144.0,40330.0,38478.0,37412.0,38048.0,29657.0,28516.0,41109.0,38807.0,45873.0,50275.0,41678.0,46031.0,39971.0,40056.0,36837.0,36074.0
54.0,Texas,2,23751.0,25841.0,26494.0,27716.0,28150.0,25176.0,21372.0,21800.0,15389.0,19109.0,14876.0,16391.0,21517.0,21139.0,21731.0,25696.0,26958.0,23542.0,22489.0,22151.0,21728.0,21498.0,14350.0,16487.0,23994.0,25387.0,26256.0,27666.0,20880.0,21025.0,18781.0,17729.0,17375.0,18804.0,15615.0,14898.0,21768.0,20711.0,22870.0,24029.0,21696.0,24688.0,20042.0,18452.0,17566.0,19346.0,15938.0,17493.0,21681.0,21062.0,26025.0,26111.0,26194.0,25672.0,20356.0,23096.0,18562.0,20951.0,18182.0,18965.0,24292.0,29699.0,30533.0,29543.0,32518.0,31910.0,26549.0,25807.0,21445.0,23904.0,19002.0,19328.0,26126.0,28773.0,31172.0,32523.0,32759.0,26906.0,30098.0,28785.0,22347.0,27416.0,19641.0,20112.0,29392.0,28717.0,31197.0,36686.0,35344.0,30657.0,31358.0,29395.0,22580.0,29309.0,21516.0,24485.0,31859.0,31303.0,33633.0,37432.0,33941.0,36630.0,32188.0,28482.0,27490.0,29892.0,22848.0,24112.0,33575.0,30906.0,37450.0,38712.0,35153.0,36453.0,32243.0,32496.0,29414.0,
43.0,New York,3,,,,,,,,,,,,,,,,,,,,,,,,,,,,,,,,,,9437.0,8588.0,8277.0,9893.0,9757.0,9862.0,11691.0,11833.0,12439.0,10948.0,10086.0,9153.0,9608.0,9221.0,7743.0,8924.0,9062.0,10575.0,11990.0,11998.0,12395.0,11219.0,11003.0,9672.0,10095.0,10455.0,8681.0,9372.0,9827.0,11971.0,11955.0,13955.0,15951.0,14934.0,14495.0,12067.0,13296.0,11181.0,9027.0,10175.0,10579.0,12499.0,13449.0,15324.0,15573.0,14755.0,15334.0,12027.0,14192.0,11244.0,10521.0,11872.0,11788.0,12368.0,15779.0,18006.0,17710.0,17895.0,16529.0,14517.0,16093.0,12910.0,12502.0,14992.0,13711.0,14748.0,18022.0,18026.0,20229.0,18648.0,16866.0,16230.0,17063.0,14984.0,13741.0,15281.0,14180.0,16610.0,18140.0,17888.0,21900.0,17980.0,17581.0,,
14.0,Florida,4,17462.0,19516.0,19798.0,20438.0,20938.0,17637.0,17738.0,18058.0,13639.0,17995.0,16101.0,16080.0,21236.0,21709.0,22609.0,25638.0,25772.0,23002.0,23141.0,24588.0,21961.0,26214.0,20530.0,19155.0,28266.0,27523.0,26744.0,29935.0,25957.0,23577.0,23105.0,22653.0,20795.0,26355.0,23748.0,22977.0,30843.0,29871.0,28701.0,29360.0,26011.0,27572.0,24098.0,22378.0,22452.0,25551.0,21e3,21530.0,27825.0,29116.0,30472.0,28788.0,28170.0,28272.0,24463.0,29482.0,26450.0,30061.0,27614.0,26316.0,32331.0,37270.0,37732.0,36215.0,37514.0,36041.0,31754.0,34029.0,28777.0,34029.0,28514.0,28216.0,35345.0,39323.0,40042.0,39742.0,40789.0,37192.0,36024.0,38643.0,32295.0,40412.0,29485.0,31850.0,42881.0,44877.0,42813.0,48596.0,46067.0,40939.0,40384.0,38198.0,33127.0,39627.0,30208.0,32183.0,40918.0,41295.0,43117.0,46745.0,39807.0,41386.0,36027.0,35603.0,36153.0,40667.0,32098.0,32615.0,43925.0,41846.0,45948.0,48617.0,41978.0,44605.0,29928.0,38286.0,35429.0,
21.0,Illinois,5,11618.0,13010.0,13759.0,15142.0,16270.0,14879.0,13984.0,13366.0,9292.0,9860.0,8011.0,7489.0,10080.0,10986.0,11225.0,13909.0,15173.0,13835.0,13775.0,14846.0,13661.0,13605.0,9634.0,8646.0,12213.0,13525.0,14388.0,16780.0,13680.0,12353.0,10948.0,10226.0,9777.0,10529.0,9263.0,7509.0,10500.0,10034.0,11727.0,13979.0,12022.0,14270.0,11928.0,11178.0,10659.0,11185.0,9999.0,8852.0,11078.0,11498.0,13934.0,15416.0,13831.0,16555.0,12294.0,12901.0,11076.0,11295.0,12055.0,9475.0,11467.0,13982.0,14681.0,16017.0,19547.0,18547.0,15976.0,17811.0,14665.0,14371.0,13359.0,10760.0,12693.0,15716.0,16686.0,19250.0,19160.0,17548.0,19153.0,19543.0,13578.0,15830.0,11778.0,10744.0,14672.0,16386.0,17433.0,22553.0,22978.0,22457.0,20413.0,19046.0,14334.0,15818.0,12980.0,12728.0,15399.0,16663.0,20276.0,23666.0,21355.0,24109.0,19818.0,18135.0,16350.0,16989.0,14373.0,11663.0,17025.0,17023.0,21216.0,23816.0,20755.0,24340.0,18632.0,18499.0,17056.0,
47.0,Pennsylvania,6,10167.0,11189.0,12010.0,13490.0,13900.0,12668.0,11577.0,11344.0,8806.0,9258.0,6598.0,5938.0,8026.0,8898.0,9511.0,12215.0,13233.0,12360.0,11744.0,12017.0,11856.0,11574.0,6501.0,5965.0,9678.0,10673.0,11448.0,15057.0,11745.0,9738.0,9464.0,8983.0,8415.0,9509.0,7138.0,6517.0,8791.0,8466.0,9881.0,12091.0,10710.0,11904.0,9687.0,9351.0,8781.0,9429.0,7778.0,7072.0,8630.0,9232.0,11320.0,11837.0,12507.0,12132.0,8967.0,11172.0,10452.0,10484.0,8814.0,7577.0,8958.0,11276.0,12836.0,13260.0,15228.0,14411.0,12524.0,12900.0,10792.0,11492.0,8961.0,7372.0,9459.0,10895.0,12448.0,14754.0,14848.0,14274.0,12858.0,13850.0,11253.0,13278.0,9401.0,8752.0,11783.0,12451.0,13676.0,16862.0,18902.0,16094.0,15654.0,15855.0,12458.0,14783.0,10580.0,10254.0,12583.0,13805.0,16345.0,18834.0,17548.0,18623.0,15828.0,15100.0,14652.0,15512.0,12049.0,10342.0,14098.0,13868.0,17117.0,19193.0,17610.0,19079.0,15773.0,15050.0,13519.0,
44.0,Ohio,7,11018.0,12233.0,13055.0,14199.0,14032.0,12811.0,12325.0,12493.0,9162.0,9943.0,7325.0,7651.0,9797.0,10293.0,10336.0,12658.0,13066.0,12231.0,12060.0,12719.0,11463.0,11021.0,7746.0,7438.0,11004.0,12081.0,13246.0,14599.0,10418.0,10253.0,10476.0,9457.0,8738.0,9551.0,7936.0,7337.0,10529.0,10150.0,11088.0,12166.0,11097.0,12058.0,11003.0,10198.0,9357.0,9632.0,8364.0,8386.0,10545.0,10464.0,11859.0,12505.0,11637.0,11977.0,9967.0,11479.0,10057.0,10115.0,9650.0,8999.0,11386.0,12588.0,14559.0,15443.0,16052.0,15800.0,13313.0,13948.0,11765.0,11047.0,9086.0,8408.0,10144.0,11572.0,13645.0,14973.0,14942.0,13168.0,13627.0,14070.0,11088.0,12683.0,9560.0,9646.0,13008.0,14192.0,15172.0,18208.0,17722.0,16467.0,15473.0,14685.0,11156.0,12080.0,10678.0,10426.0,12753.0,14234.0,16393.0,19627.0,17413.0,18636.0,16939.0,15367.0,13971.0,13548.0,11387.0,10974.0,15872.0,15719.0,18831.0,20896.0,19349.0,21760.0,19433.0,19153.0,,
30.0,Michigan,8,9394.0,10679.0,11515.0,11788.0,12404.0,12102.0,12175.0,13112.0,10214.0,9537.0,9504.0,8288.0,10634.0,11357.0,11734.0,12346.0,13991.0,13115.0,13021.0,12807.0,13376.0,12038.0,10557.0,9445.0,11882.0,12630.0,12603.0,14199.0,11454.0,11329.0,11909.0,11698.0,12724.0,10362.0,10339.0,8840.0,11506.0,10785.0,11237.0,12306.0,11659.0,14669.0,12719.0,11880.0,16310.0,10570.0,10773.0,10725.0,11833.0,11269.0,13463.0,13746.0,13377.0,15101.0,13615.0,16752.0,22564.0,12166.0,13414.0,11309.0,11905.0,12989.0,14689.0,15388.0,16162.0,16929.0,16899.0,18107.0,21535.0,13065.0,12342.0,10167.0,10754.0,12451.0,13619.0,15226.0,16557.0,16006.0,16308.0,17685.0,19722.0,14634.0,11891.0,9887.0,12307.0,13853.0,13685.0,18373.0,16775.0,17676.0,17172.0,18382.0,19362.0,13747.0,13289.0,11706.0,13723.0,14319.0,16595.0,19373.0,18240.0,20378.0,19750.0,15709.0,14594.0,14668.0,14171.0,11644.0,15427.0,14125.0,18962.0,21674.0,19281.0,22917.0,19958.0,20121.0,,
16.0,Georgia,9,12638.0,13645.0,13694.0,13523.0,14226.0,13100.0,12743.0,13068.0,9717.0,10720.0,7994.0,7658.0,10697.0,9863.0,9897.0,11819.0,12286.0,11782.0,10637.0,11085.0,10491.0,11399.0,7482.0,8507.0,11548.0,11604.0,11281.0,12046.0,9821.0,9619.0,10937.0,11318.0,10182.0,10406.0,9208.0,9167.0,11786.0,10565.0,12645.0,13360.0,12921.0,16201.0,17216.0,16219.0,15902.0,15289.0,15684.0,16115.0,18828.0,19848.0,21795.0,23660.0,22148.0,23094.0,19922.0,20717.0,19559.0,18029.0,19456.0,18037.0,20588.0,21995.0,23438.0,23370.0,23869.0,24220.0,20414.0,20549.0,18023.0,16848.0,17069.0,16027.0,19719.0,19664.0,21400.0,21800.0,22604.0,21655.0,20213.0,20653.0,17163.0,17482.0,16645.0,15654.0,19753.0,20959.0,15386.0,17327.0,17157.0,16118.0,20148.0,17375.0,11531.0,17988.0,15970.0,17172.0,21044.0,21814.0,23592.0,26553.0,20462.0,21350.0,19310.0,17587.0,16497.0,17788.0,12031.0,12550.0,18121.0,16425.0,20004.0,20528.0,17429.0,19144.0,16114.0,16186.0,14931.0,
36.0,North Carolina,10,9458.0,10309.0,11141.0,11186.0,10951.0,9901.0,8567.0,8240.0,5895.0,6870.0,5248.0,5926.0,7351.0,7521.0,8124.0,9427.0,9843.0,8597.0,8678.0,8891.0,8213.0,8039.0,5437.0,5871.0,8638.0,9635.0,9859.0,10816.0,7903.0,7557.0,7324.0,6770.0,6192.0,7797.0,5518.0,5625.0,7962.0,7727.0,8073.0,8989.0,7627.0,8389.0,7307.0,6419.0,6234.0,6936.0,5599.0,6372.0,7904.0,7874.0,9271.0,9332.0,8174.0,8414.0,7190.0,7691.0,7467.0,8554.0,7080.0,7180.0,9123.0,10495.0,11920.0,11582.0,11674.0,11616.0,9648.0,9844.0,8685.0,9375.0,7542.0,7411.0,9411.0,10371.0,11885.0,12225.0,12427.0,11060.0,9654.0,11052.0,8670.0,10788.0,8052.0,8015.0,11203.0,8610.0,8581.0,13465.0,14431.0,12156.0,10984.0,10152.0,7205.0,8708.0,7470.0,8365.0,11270.0,12938.0,14708.0,16903.0,14236.0,15349.0,14020.0,12997.0,13249.0,13499.0,10835.0,10893.0,15846.0,14735.0,17260.0,19375.0,16055.0,18280.0,16843.0,16610.0,15614.0,
40.0,New Jersey,11,6397.0,7213.0,7246.0,8268.0,9557.0,8434.0,7585.0,6864.0,5246.0,5878.0,4346.0,3756.0,4711.0,4939.0,5129.0,6430.0,7714.0,7683.0,8030.0,7437.0,7334.0,8085.0,5335.0,4147.0,5984.0,6136.0,6618.0,8830.0,8467.0,6598.0,6077.0,5433.0,5241.0,5680.0,5311.0,4533.0,5498.0,5144.0,5927.0,6768.0,6713.0,7422.0,6574.0,5812.0,4947.0,5798.0,4924.0,4443.0,5080.0,5396.0,6815.0,6674.0,7700.0,7896.0,6542.0,6841.0,5625.0,7124.0,7018.0,5400.0,5746.0,6922.0,8027.0,7909.0,9807.0,9379.0,8778.0,8945.0,7116.0,7635.0,6887.0,4980.0,6147.0,6998.0,7956.0,8440.0,10362.0,9564.0,8712.0,8950.0,7385.0,9181.0,7280.0,6346.0,7373.0,8197.0,9186.0,11281.0,13104.0,13245.0,11273.0,10803.0,9391.0,10398.0,9036.0,8486.0,9097.0,9346.0,11011.0,13191.0,12987.0,13993.0,12937.0,11719.0,10984.0,12444.0,12801.0,9693.0,12081.0,11998.0,13684.0,15962.0,15985.0,18675.0,15952.0,16359.0,,
56.0,Virginia,12,6584.0,7374.0,7954.0,8813.0,8877.0,8221.0,7460.0,7211.0,5261.0,5961.0,4466.0,4908.0,6396.0,6463.0,7253.0,9072.0,8935.0,7843.0,7285.0,7414.0,7421.0,6303.0,4550.0,4580.0,6808.0,7563.0,7969.0,8851.0,6889.0,6888.0,6146.0,5650.0,5679.0,6108.0,4738.0,4662.0,6621.0,6540.0,7375.0,8202.0,7260.0,7461.0,6340.0,5598.0,5561.0,6026.0,4780.0,5183.0,6751.0,6974.0,8647.0,8969.0,8472.0,8360.0,6337.0,6992.0,6868.0,6685.0,5837.0,5622.0,7373.0,8175.0,9854.0,10318.0,10028.0,9211.0,7582.0,7621.0,6492.0,6944.0,4965.0,5152.0,6694.0,8070.0,9243.0,10069.0,10366.0,9225.0,8624.0,8476.0,6752.0,8007.0,5681.0,5694.0,8807.0,8921.0,9907.0,11248.0,11775.0,10119.0,9649.0,9136.0,7373.0,9319.0,6183.0,7295.0,9429.0,10299.0,12584.0,14017.0,12096.0,12817.0,10523.0,9709.0,9247.0,9895.0,7637.0,7390.0,10600.0,10742.0,13201.0,14477.0,12143.0,12822.0,10441.0,10667.0,9424.0,
59.0,Washington,13,5868.0,6259.0,6586.0,6817.0,6495.0,6136.0,5925.0,5295.0,3397.0,3773.0,3072.0,3319.0,4348.0,4624.0,5087.0,6754.0,7015.0,6339.0,6412.0,6880.0,6288.0,5473.0,3851.0,4311.0,6376.0,6833.0,6745.0,7262.0,5051.0,5243.0,5148.0,4983.0,4549.0,5573.0,3971.0,3988.0,5749.0,5606.0,5900.0,6899.0,6095.0,6718.0,6095.0,5785.0,5327.0,5614.0,4105.0,4660.0,6043.0,6198.0,7094.0,7368.0,6904.0,7714.0,6139.0,6828.0,6064.0,6290.0,5006.0,5059.0,7079.0,7943.0,8927.0,9100.0,10069.0,9708.0,8145.0,7924.0,6633.0,6929.0,5468.0,5526.0,6997.0,8164.0,8916.0,9902.0,9948.0,9257.0,9018.0,9415.0,7029.0,7997.0,5879.0,6459.0,8963.0,10383.0,10447.0,12643.0,12689.0,11120.0,11125.0,10217.0,7674.0,9566.0,6398.0,6896.0,10125.0,10688.0,12156.0,13759.0,12539.0,13457.0,12297.0,11320.0,10458.0,10157.0,7874.0,7354.0,10304.0,10148.0,13124.0,14849.0,13082.0,14093.0,12218.0,11760.0,10877.0,
26.0,Massachusetts,14,4041.0,4784.0,5772.0,6656.0,6395.0,6414.0,5117.0,5164.0,3692.0,4169.0,2788.0,2754.0,3716.0,3824.0,4684.0,5744.0,6785.0,6250.0,5345.0,5862.0,5813.0,4903.0,3254.0,3167.0,4624.0,5610.0,6122.0,7814.0,5021.0,5163.0,4630.0,4337.0,4049.0,4934.0,3234.0,3118.0,4239.0,4530.0,4742.0,6113.0,5385.0,5853.0,4142.0,4156.0,4279.0,3754.0,2778.0,2346.0,4255.0,4028.0,4251.0,7239.0,6442.0,7306.0,3383.0,5120.0,5620.0,5561.0,3952.0,3317.0,4310.0,5205.0,6955.0,7840.0,8377.0,8141.0,6137.0,6105.0,5416.0,5600.0,3998.0,3210.0,4257.0,5238.0,6555.0,8182.0,8026.0,7681.0,6283.0,6433.0,5067.0,6002.0,4006.0,3290.0,4313.0,4865.0,6473.0,9409.0,10051.0,8790.0,7719.0,4698.0,5294.0,6485.0,4463.0,3522.0,4822.0,5595.0,7004.0,9789.0,5623.0,8958.0,7452.0,6532.0,4960.0,6624.0,4800.0,3571.0,5315.0,5410.0,7417.0,10018.0,8308.0,8968.0,7148.0,6971.0,6894.0,
22.0,Indiana,15,5357.0,6405.0,6626.0,7621.0,8181.0,7548.0,7454.0,7440.0,5418.0,6708.0,4366.0,4722.0,5688.0,6129.0,6541.0,8149.0,8412.0,7708.0,7539.0,7662.0,7176.0,8247.0,4254.0,4556.0,6446.0,7066.0,7622.0,8905.0,6644.0,6425.0,6133.0,5865.0,5360.0,6502.0,4435.0,4285.0,5917.0,5859.0,6393.0,7424.0,6793.0,7425.0,6354.0,6095.0,6025.0,6795.0,4898.0,5202.0,6538.0,6361.0,7527.0,8046.0,7656.0,7790.0,6301.0,6896.0,5737.0,6184.0,5198.0,5166.0,5544.0,6401.0,7136.0,7185.0,7601.0,7695.0,6740.0,6781.0,6049.0,6671.0,6717.0,6516.0,7516.0,8587.0,9645.0,10376.0,11418.0,10200.0,8914.0,9065.0,6806.0,8656.0,5622.0,5471.0,7093.0,8096.0,8278.0,10690.0,11084.0,10436.0,10063.0,9152.0,7926.0,9407.0,6001.0,6481.0,8651.0,9395.0,10768.0,11889.0,10752.0,11483.0,10159.0,8859.0,7734.0,7992.0,7046.0,5660.0,9651.0,9229.0,11299.0,13053.0,9531.0,10758.0,8710.0,8926.0,8012.0,
8.0,Arizona,16,6951.0,7871.0,8630.0,8553.0,9011.0,8322.0,8480.0,8540.0,6248.0,7985.0,6906.0,7764.0,10630.0,11306.0,11657.0,13216.0,13078.0,10926.0,11029.0,11481.0,9982.0,11249.0,8467.0,9217.0,12792.0,13007.0,12282.0,12950.0,10131.0,10216.0,10204.0,9800.0,9362.0,11392.0,9694.0,10017.0,14127.0,13592.0,13410.0,13981.0,11833.0,12742.0,10961.0,10570.0,10169.0,10561.0,9164.0,10350.0,12605.0,12216.0,12612.0,12076.0,11334.0,12196.0,9813.0,11415.0,10556.0,11219.0,9901.0,10041.0,12673.0,13476.0,13976.0,12320.0,12338.0,11558.0,10073.0,10244.0,8526.0,9247.0,8110.0,8945.0,10599.0,11632.0,11848.0,11527.0,10660.0,11168.0,10060.0,10163.0,7972.0,9912.0,8052.0,9007.0,12121.0,12858.0,13031.0,14132.0,12958.0,11582.0,11337.0,11132.0,9348.0,11726.0,9292.0,10284.0,14268.0,14391.0,14666.0,15409.0,13528.0,14358.0,13212.0,12417.0,12365.0,12366.0,10524.0,10731.0,15677.0,14112.0,16247.0,15350.0,12085.0,13506.0,12165.0,12578.0,11739.0,12713.0
53.0,Tennessee,17,8692.0,9035.0,9601.0,9797.0,9777.0,9040.0,8217.0,7574.0,5605.0,6047.0,5326.0,5752.0,6773.0,7199.0,7385.0,8398.0,8964.0,8244.0,8124.0,8386.0,7669.0,7442.0,5469.0,5852.0,8183.0,8774.0,8658.0,9267.0,7236.0,7313.0,6801.0,6265.0,5913.0,5995.0,5032.0,5083.0,6141.0,6194.0,7088.0,7418.0,6995.0,7806.0,6992.0,6319.0,6224.0,6417.0,5717.0,6047.0,7371.0,7559.0,8480.0,8282.0,8316.0,8527.0,6749.0,7526.0,6571.0,7002.0,6313.0,6085.0,7282.0,8912.0,9270.0,9019.0,10080.0,9748.0,8477.0,8545.0,7386.0,7538.0,6571.0,6346.0,8023.0,8945.0,9462.0,10102.0,10746.0,9391.0,9608.0,9777.0,7811.0,8974.0,6635.0,6459.0,9424.0,9428.0,10184.0,12401.0,12239.0,11350.0,10995.0,10134.0,7383.0,9920.0,7203.0,8e3,9747.0,10152.0,11553.0,12608.0,10973.0,11609.0,10679.0,9880.0,9485.0,10201.0,7987.0,7863.0,11138.0,10287.0,12498.0,12684.0,11280.0,12280.0,10661.0,10790.0,9851.0,
32.0,Missouri,18,5360.0,6086.0,6656.0,6682.0,6955.0,6404.0,5889.0,5713.0,4287.0,4565.0,3451.0,3706.0,5039.0,5148.0,5395.0,6561.0,6797.0,6301.0,6084.0,6316.0,5937.0,5466.0,3473.0,3741.0,5713.0,6183.0,6539.0,7057.0,5099.0,4946.0,4734.0,4624.0,4314.0,4793.0,3716.0,3529.0,4736.0,4974.0,5440.0,6336.0,5278.0,6097.0,5288.0,4788.0,4561.0,4566.0,3877.0,3967.0,4932.0,5340.0,6135.0,6014.0,6061.0,6047.0,4662.0,5453.0,4702.0,5183.0,4715.0,4173.0,5398.0,6066.0,6530.0,6554.0,6963.0,6742.0,5820.0,5649.0,4693.0,5029.0,3949.0,3855.0,4826.0,5499.0,6056.0,6915.0,6610.0,6434.0,5830.0,6044.0,4563.0,5291.0,3915.0,4248.0,6067.0,6404.0,6787.0,8273.0,7947.0,7003.0,7305.0,6352.0,4886.0,6290.0,4862.0,5129.0,6837.0,7294.0,8113.0,9377.0,8128.0,8147.0,7436.0,7190.0,6470.0,6111.0,5279.0,4975.0,7589.0,7624.0,9204.0,9465.0,8555.0,9223.0,7806.0,7872.0,7099.0,
27.0,Maryland,19,6978.0,7558.0,7127.0,9214.0,5654.0,6441.0,6775.0,7203.0,5260.0,5701.0,3640.0,3889.0,6099.0,6013.0,5830.0,7992.0,4513.0,7033.0,5841.0,5701.0,5192.0,5745.0,5322.0,3580.0,5825.0,5032.0,6408.0,8133.0,3938.0,7275.0,5762.0,5294.0,4524.0,4837.0,4299.0,3670.0,6348.0,5813.0,6346.0,8230.0,4901.0,6355.0,5340.0,5268.0,4245.0,4369.0,4520.0,3917.0,4585.0,4507.0,6015.0,6740.0,4395.0,6310.0,4315.0,5450.0,5417.0,4994.0,5550.0,4233.0,4715.0,5892.0,6769.0,8175.0,5958.0,7723.0,6833.0,7003.0,5356.0,5344.0,5130.0,4400.0,5216.0,5913.0,5495.0,8739.0,6487.0,7434.0,6340.0,7144.0,5720.0,6647.0,5819.0,5190.0,6451.0,7455.0,7941.0,10769.0,8029.0,8662.0,7238.0,7616.0,5894.0,7766.0,6053.0,7075.0,7864.0,7785.0,10095.0,12922.0,8660.0,10168.0,9197.0,8545.0,9173.0,9282.0,8207.0,7822.0,9757.0,9692.0,11514.0,14177.0,8669.0,11987.0,10532.0,10585.0,11083.0,
60.0,Wisconsin,20,4495.0,5498.0,6092.0,6842.0,7129.0,6330.0,5923.0,5727.0,3879.0,3522.0,2982.0,2708.0,3699.0,4292.0,5014.0,6374.0,6976.0,6453.0,6159.0,6062.0,5603.0,4956.0,3321.0,3029.0,4748.0,5899.0,6650.0,8203.0,4799.0,4602.0,4445.0,4286.0,4098.0,3789.0,3614.0,2957.0,4002.0,4184.0,5014.0,5676.0,5228.0,5708.0,4894.0,4741.0,4388.0,4293.0,3800.0,3523.0,4508.0,5371.0,6636.0,6836.0,6343.0,6592.0,5253.0,6098.0,4713.0,5071.0,4788.0,3796.0,4619.0,5802.0,6598.0,7019.0,7747.0,7442.0,6256.0,6434.0,5378.0,4939.0,4364.0,3554.0,4845.0,5885.0,6946.0,8074.0,8669.0,7395.0,7065.0,8127.0,4933.0,5286.0,3844.0,3397.0,5396.0,6481.0,6423.0,9072.0,8541.0,7638.0,7233.0,6932.0,5306.0,5596.0,4289.0,4185.0,5575.0,6660.0,8765.0,10358.0,9111.0,9181.0,7805.0,7459.0,6393.0,5724.0,4839.0,3922.0,5964.0,6827.0,9104.0,10510.0,9403.0,9457.0,7883.0,8140.0,6802.0,
31.0,Minnesota,21,3804.0,4568.0,5325.0,6014.0,6131.0,5778.0,6113.0,5758.0,3951.0,4454.0,3219.0,2939.0,3840.0,4340.0,4653.0,5931.0,7110.0,6534.0,6520.0,6465.0,5906.0,5994.0,3541.0,3318.0,4546.0,5087.0,6007.0,7017.0,5644.0,4536.0,4345.0,4015.0,3942.0,4380.0,3765.0,3309.0,4538.0,4637.0,5139.0,5770.0,5727.0,6109.0,5047.0,5401.0,4900.0,5022.0,4248.0,4113.0,5173.0,4956.0,5742.0,6793.0,6756.0,7001.0,5945.0,6605.0,5478.0,5808.0,5075.0,3952.0,4913.0,5781.0,7040.0,7951.0,8686.0,9050.0,8005.0,7982.0,5966.0,6204.0,5029.0,3986.0,5170.0,6003.0,7247.0,8631.0,8583.0,8018.0,6585.0,7443.0,5844.0,6423.0,4612.0,4472.0,6267.0,7956.0,8775.0,10780.0,10179.0,9335.0,8086.0,7981.0,6312.0,6911.0,6073.0,5609.0,7054.0,7178.0,8940.0,11681.0,10461.0,11291.0,9695.0,8496.0,8062.0,7647.0,5825.0,4639.0,6345.0,7235.0,10882.0,13009.0,11647.0,12411.0,10423.0,10077.0,9312.0,
10.0,Colorado,22,6984.0,7643.0,8197.0,8813.0,9246.0,8039.0,7665.0,8264.0,5225.0,5479.0,4298.0,4486.0,5649.0,5699.0,6107.0,7721.0,7951.0,7121.0,6887.0,7041.0,6712.0,6002.0,4314.0,4329.0,6846.0,7144.0,7734.0,8397.0,6157.0,5811.0,5748.0,5319.0,5211.0,5658.0,4319.0,3832.0,5989.0,6093.0,6670.0,7471.0,6764.0,7324.0,6697.0,6398.0,5944.0,6156.0,4629.0,5033.0,6578.0,7053.0,8444.0,8659.0,8557.0,8885.0,7500.0,8356.0,7231.0,7202.0,5826.0,5837.0,7902.0,9110.0,10672.0,10547.0,11655.0,10778.0,8848.0,8938.0,6901.0,6812.0,5436.0,5446.0,7551.0,9093.0,10104.0,11147.0,12097.0,10524.0,10171.0,10028.0,7591.0,8565.0,5682.0,5793.0,8858.0,10016.0,10986.0,13351.0,13111.0,11518.0,11275.0,10681.0,7887.0,9845.0,6594.0,6662.0,9381.0,9906.0,11225.0,13139.0,11891.0,12451.0,11314.0,10794.0,10259.0,10244.0,7629.0,6905.0,9899.0,9755.0,12216.0,12883.0,11865.0,12174.0,10424.0,10871.0,9465.0,9658.0
4.0,Alabama,23,3421.0,3710.0,3709.0,3903.0,3931.0,3662.0,3487.0,3251.0,2279.0,2788.0,2011.0,2228.0,2994.0,2895.0,2580.0,3213.0,3445.0,3134.0,3164.0,3036.0,3004.0,3008.0,2029.0,2307.0,3361.0,3595.0,3821.0,4078.0,3329.0,3110.0,3046.0,2757.0,2500.0,2660.0,2186.0,2395.0,3190.0,2933.0,3428.0,3841.0,3809.0,4003.0,3224.0,3264.0,2557.0,2984.0,2603.0,2554.0,3400.0,3610.0,4134.0,3984.0,4087.0,3802.0,3936.0,4165.0,3692.0,3651.0,3194.0,3339.0,3976.0,4445.0,4799.0,4523.0,5023.0,4936.0,4216.0,4546.0,3835.0,3975.0,3083.0,3561.0,4210.0,4837.0,4816.0,5234.0,5234.0,5106.0,4887.0,4540.0,3250.0,3709.0,2738.0,3370.0,4830.0,4967.0,5088.0,5954.0,5665.0,5095.0,5252.0,4516.0,3797.0,4749.0,3507.0,4074.0,5237.0,5021.0,5728.0,6226.0,5114.0,5462.0,5307.0,4722.0,4656.0,4799.0,4145.0,4184.0,5746.0,5502.0,6089.0,6212.0,5788.0,6381.0,5405.0,5392.0,4536.0,
51.0,South Carolina,24,6144.0,6654.0,6393.0,6694.0,6871.0,6089.0,5678.0,5503.0,3849.0,4933.0,3675.0,3620.0,4980.0,4503.0,4656.0,5646.0,5570.0,5323.0,5116.0,5359.0,5239.0,5832.0,3734.0,4273.0,5515.0,5956.0,5532.0,6498.0,5183.0,5075.0,4511.0,4692.0,4377.0,5283.0,3787.0,4146.0,5435.0,4925.0,5322.0,5770.0,5161.0,5421.0,4836.0,4703.0,4430.0,5188.0,4246.0,4598.0,5443.0,5394.0,5825.0,5903.0,5794.0,6413.0,5107.0,5903.0,5256.0,5646.0,4829.0,4908.0,5906.0,6639.0,7485.0,6925.0,7729.0,7721.0,6580.0,6959.0,5986.0,6400.0,5115.0,4798.0,6166.0,6237.0,6804.0,7312.0,7032.0,6474.0,6449.0,6225.0,5288.0,6276.0,5170.0,5277.0,7786.0,7107.0,7267.0,8441.0,8132.0,7028.0,6568.0,6063.0,4986.0,5799.0,4817.0,5152.0,7117.0,6571.0,7698.0,8281.0,7247.0,7413.0,7103.0,6596.0,6602.0,6973.0,6494.0,6767.0,9273.0,8165.0,8613.0,10050.0,9106.0,9899.0,8335.0,8657.0,8134.0,
25.0,Louisiana,25,2761.0,3095.0,4223.0,3839.0,3673.0,3178.0,2273.0,2627.0,1967.0,2238.0,1931.0,2041.0,2431.0,2496.0,2646.0,3316.0,3313.0,2968.0,2898.0,2915.0,2668.0,2509.0,1901.0,1874.0,2736.0,3162.0,3295.0,3360.0,2830.0,2772.0,2532.0,2322.0,2079.0,2325.0,2026.0,1894.0,2818.0,2735.0,3042.0,3862.0,3054.0,3114.0,2736.0,2471.0,2217.0,2024.0,2140.0,2016.0,2737.0,2925.0,3723.0,3697.0,3100.0,2829.0,2901.0,2868.0,2452.0,2323.0,2306.0,2102.0,3035.0,3440.0,3927.0,4621.0,3925.0,3876.0,3413.0,3440.0,2961.0,3071.0,2667.0,2849.0,3173.0,3697.0,4046.0,5157.0,4382.0,3663.0,3421.0,3605.0,3058.0,3150.0,2643.0,2531.0,3567.0,3285.0,3577.0,3630.0,4220.0,3941.0,3496.0,3104.0,2491.0,2880.0,2599.0,2635.0,3402.0,3311.0,3888.0,4256.0,3694.0,3712.0,3236.0,3178.0,3172.0,3014.0,2980.0,2777.0,3927.0,3413.0,4214.0,4326.0,4102.0,3957.0,3547.0,3195.0,2723.0,
24.0,Kentucky,26,2871.0,3239.0,3455.0,3645.0,3868.0,3428.0,3426.0,3271.0,2159.0,2610.0,1913.0,2200.0,2779.0,3021.0,3051.0,4119.0,4083.0,3721.0,3846.0,3824.0,3440.0,3435.0,2458.0,2492.0,3550.0,3707.0,4172.0,4583.0,3550.0,3177.0,3092.0,2676.0,2557.0,2803.0,2481.0,2383.0,2950.0,2905.0,3e3,3374.0,3118.0,3407.0,3090.0,2695.0,2746.0,2852.0,2415.0,2417.0,2984.0,3143.0,3630.0,2942.0,3434.0,2831.0,3058.0,3452.0,3078.0,3168.0,2851.0,2596.0,3295.0,3905.0,4488.0,4442.0,4989.0,4545.0,3865.0,4009.0,3273.0,3138.0,2786.0,2530.0,3066.0,3648.0,3852.0,3914.0,3972.0,3711.0,3237.0,3330.0,2553.0,2703.0,2170.0,2131.0,3e3,3413.0,3619.0,4561.0,4620.0,4314.0,4170.0,3343.0,2351.0,2386.0,2656.0,2670.0,3379.0,3786.0,4537.0,4940.0,4345.0,4898.0,4125.0,3916.0,3991.0,3780.0,3254.0,3057.0,4309.0,3984.0,4976.0,5270.0,4745.0,5532.0,4687.0,4482.0,4172.0,
46.0,Oregon,27,3426.0,3462.0,3792.0,3873.0,3805.0,3589.0,3476.0,3261.0,2325.0,2325.0,1780.0,2015.0,2695.0,2824.0,3044.0,3906.0,4184.0,3829.0,3926.0,4290.0,3760.0,3436.0,2359.0,2454.0,3796.0,4125.0,4172.0,4273.0,3150.0,3223.0,3332.0,3063.0,2920.0,3251.0,2473.0,2436.0,3400.0,3186.0,3432.0,3829.0,3404.0,3641.0,3292.0,3086.0,2976.0,3156.0,2531.0,2732.0,3357.0,3539.0,4135.0,4294.0,3998.0,4424.0,3772.0,4129.0,3461.0,3538.0,2787.0,2946.0,3919.0,4123.0,5086.0,5041.0,4955.0,5300.0,4380.0,4432.0,3587.0,2614.0,3147.0,3147.0,3917.0,4549.0,5236.0,5575.0,5741.0,5343.0,5193.0,5429.0,4191.0,4421.0,3483.0,3749.0,5211.0,6077.0,6317.0,7567.0,7623.0,6928.0,6902.0,6352.0,5074.0,5769.0,4426.0,4445.0,6038.0,6125.0,6952.0,7696.0,6737.0,7429.0,6877.0,6430.0,6092.0,6141.0,4870.0,4462.0,5876.0,5587.0,6895.0,7702.0,6863.0,7530.0,6574.0,6482.0,5610.0,5451.0
45.0,Oklahoma,28,3027.0,3542.0,3624.0,3741.0,4216.0,3598.0,3620.0,3666.0,2514.0,2836.0,1976.0,2288.0,2985.0,3110.0,3134.0,3705.0,3965.0,3419.0,3186.0,2941.0,3096.0,2920.0,1818.0,1991.0,3002.0,3565.0,3618.0,3657.0,2769.0,2713.0,2599.0,2379.0,2278.0,2502.0,2128.0,1934.0,2792.0,2767.0,2950.0,3709.0,3042.0,3416.0,2871.0,2802.0,2817.0,2765.0,2551.0,2717.0,3150.0,3403.0,3976.0,4307.0,4085.0,3984.0,3224.0,3144.0,2949.0,3421.0,2817.0,2663.0,3559.0,4170.0,4174.0,4739.0,4759.0,4656.0,4049.0,3305.0,2617.0,2725.0,2410.0,2357.0,3249.0,3194.0,3810.0,4272.0,4060.0,3872.0,3351.0,3498.0,2719.0,3887.0,2719.0,2787.0,4068.0,3913.0,4120.0,4558.0,4447.0,3887.0,3093.0,2488.0,1901.0,2281.0,3256.0,3340.0,4332.0,3896.0,4681.0,4721.0,4495.0,5216.0,4258.0,3851.0,3408.0,3600.0,3130.0,3140.0,4681.0,4312.0,5353.0,5582.0,4873.0,5809.0,4630.0,4138.0,4346.0,
11.0,Connecticut,29,2245.0,2325.0,2761.0,3291.0,3261.0,2873.0,2489.0,2450.0,1863.0,1813.0,1190.0,1145.0,1585.0,1661.0,2041.0,2836.0,3246.0,3049.0,2623.0,2791.0,3062.0,2552.0,1566.0,1507.0,2345.0,2483.0,2893.0,3975.0,2503.0,2452.0,2047.0,1561.0,1859.0,2007.0,1490.0,1290.0,1805.0,1761.0,2264.0,2933.0,2273.0,2152.0,1904.0,1862.0,1431.0,1681.0,982.0,1051.0,1800.0,1405.0,2134.0,2793.0,2973.0,2915.0,1737.0,2332.0,2193.0,2434.0,1767.0,1188.0,1933.0,2500.0,2929.0,3236.0,3779.0,3479.0,2791.0,2755.0,2451.0,2589.0,1795.0,1532.0,2022.0,2270.0,2564.0,3459.0,3745.0,3286.0,2993.0,3097.0,2512.0,2941.0,1910.0,1874.0,2434.0,2664.0,3082.0,4244.0,4544.0,4086.0,3710.0,2733.0,2733.0,3275.0,2207.0,1853.0,2699.0,2914.0,3579.0,4313.0,2996.0,4548.0,3428.0,3456.0,2554.0,3342.0,2704.0,2206.0,2807.0,3005.0,3999.0,4704.0,4325.0,4552.0,3515.0,3673.0,3156.0,
19.0,Iowa,30,2165.0,2423.0,2886.0,3277.0,3216.0,3040.0,2771.0,2675.0,1833.0,2121.0,1268.0,1366.0,1969.0,2109.0,2422.0,3377.0,3102.0,2747.0,2688.0,2794.0,2728.0,2079.0,1366.0,1376.0,2276.0,2743.0,3123.0,3776.0,2034.0,2141.0,2009.0,1949.0,1862.0,2072.0,1387.0,1332.0,1941.0,2118.0,2497.0,2972.0,2485.0,2974.0,2495.0,2373.0,2275.0,2198.0,1729.0,1772.0,2302.0,2591.0,3358.0,3679.0,3211.0,3338.0,2579.0,3150.0,2637.0,2643.0,2080.0,1863.0,2466.0,2835.0,3678.0,4037.0,4360.0,4147.0,3363.0,3496.0,3067.0,3130.0,2157.0,1904.0,2581.0,3216.0,3891.0,4800.0,4152.0,3712.0,3350.0,3293.0,2712.0,3243.0,2048.0,2133.0,3096.0,3372.0,4018.0,5201.0,4642.0,4302.0,3795.0,3620.0,2765.0,2786.0,2183.0,2242.0,2933.0,3226.0,4178.0,5246.0,4293.0,4451.0,3720.0,3477.0,3148.0,3091.0,2466.0,2323.0,3286.0,3534.0,4330.0,5031.0,4194.0,4410.0,3287.0,3056.0,3439.0,
34.0,Mississippi,31,1040.0,1162.0,1113.0,1103.0,1211.0,1090.0,944.0,1020.0,748.0,1040.0,655.0,735.0,1110.0,1116.0,1125.0,1511.0,1523.0,1443.0,1474.0,1499.0,1469.0,1548.0,861.0,979.0,1268.0,1482.0,1627.0,1577.0,1322.0,1201.0,1150.0,1182.0,1198.0,1358.0,957.0,969.0,1302.0,1329.0,1477.0,1513.0,1386.0,1630.0,1460.0,1370.0,1287.0,1254.0,959.0,905.0,1214.0,1217.0,1541.0,1529.0,1435.0,1462.0,1194.0,1450.0,1270.0,1268.0,1103.0,1067.0,1172.0,1257.0,1499.0,1426.0,1649.0,1876.0,1564.0,1551.0,1303.0,1435.0,964.0,1238.0,1406.0,1573.0,1674.0,1703.0,1866.0,1851.0,1591.0,1447.0,1095.0,1368.0,951.0,933.0,1481.0,1509.0,1725.0,2061.0,2077.0,1855.0,1701.0,1741.0,1382.0,1482.0,1227.0,1206.0,1608.0,1646.0,1605.0,1827.0,1822.0,1959.0,1526.0,1548.0,1481.0,1646.0,1132.0,1225.0,1767.0,1520.0,2055.0,2091.0,1764.0,1867.0,1442.0,1301.0,1008.0,
6.0,Arkansas,32,2694.0,2731.0,2927.0,2853.0,2990.0,2842.0,2505.0,2524.0,1701.0,1905.0,1550.0,1831.0,2227.0,2412.0,2407.0,2746.0,2747.0,2541.0,2639.0,2684.0,2440.0,2301.0,1457.0,1654.0,2395.0,2750.0,2870.0,2920.0,2227.0,2422.0,2236.0,2231.0,1936.0,2051.0,1674.0,1547.0,2293.0,2214.0,2263.0,2414.0,2330.0,2499.0,2234.0,2050.0,1845.0,1871.0,1514.0,1651.0,2010.0,1966.0,2342.0,2367.0,2377.0,2417.0,1852.0,2221.0,1835.0,1770.0,1757.0,1659.0,2135.0,2184.0,2549.0,2320.0,2703.0,2720.0,2198.0,2299.0,1769.0,1930.0,1661.0,1636.0,2154.0,2342.0,2515.0,2541.0,2725.0,2151.0,2383.0,2271.0,1685.0,1904.0,1448.0,1503.0,2194.0,2058.0,2502.0,2669.0,2685.0,2416.0,2587.0,2360.0,1744.0,2341.0,1904.0,2198.0,2818.0,2957.0,3391.0,3332.0,2939.0,3377.0,2620.0,2573.0,2491.0,2528.0,2235.0,2214.0,3164.0,2895.0,3561.0,3837.0,3429.0,3674.0,3498.0,3257.0,,
23.0,Kansas,33,1914.0,2092.0,2085.0,1847.0,2121.0,2141.0,1857.0,1770.0,1258.0,1324.0,1067.0,1152.0,1677.0,1745.0,1922.0,2527.0,2565.0,2252.0,1989.0,2129.0,2010.0,1728.0,1036.0,1166.0,1932.0,2155.0,2426.0,2447.0,1601.0,1517.0,1453.0,1299.0,1344.0,1365.0,1054.0,996.0,1428.0,1602.0,1741.0,1947.0,1831.0,1875.0,1623.0,1439.0,1269.0,1574.0,1160.0,1260.0,1576.0,1740.0,2079.0,2150.0,2190.0,2149.0,1443.0,1682.0,1671.0,1543.0,1334.0,1281.0,1771.0,1855.0,2476.0,2533.0,2567.0,2566.0,2106.0,2095.0,1673.0,1868.0,1432.0,1361.0,1855.0,2144.0,2618.0,2910.0,2833.0,2490.0,2132.0,2158.0,1792.0,2004.0,1340.0,1538.0,2164.0,2442.0,2773.0,3457.0,3056.0,2719.0,2672.0,2558.0,1878.0,2192.0,1720.0,1894.0,2750.0,2788.0,3269.0,3875.0,3299.0,3474.0,2862.0,2667.0,2520.0,2190.0,1962.0,1844.0,2818.0,2798.0,3727.0,3657.0,3668.0,3488.0,3025.0,2849.0,2280.0,
55.0,Utah,34,3182.0,3523.0,3674.0,3403.0,3444.0,3295.0,3227.0,2904.0,2400.0,2403.0,1861.0,2131.0,2699.0,2807.0,3073.0,3703.0,3659.0,3197.0,3205.0,3469.0,3187.0,3037.0,2016.0,2333.0,3389.0,3792.0,3689.0,3215.0,2698.0,2725.0,2693.0,2633.0,2414.0,2467.0,2178.0,2176.0,3109.0,2985.0,3234.0,3346.0,2907.0,3303.0,2982.0,2808.0,2670.0,3002.0,2192.0,2515.0,3165.0,3346.0,3779.0,2922.0,2337.0,3239.0,2519.0,3133.0,3211.0,3133.0,2507.0,2536.0,3204.0,3716.0,4330.0,4100.0,4167.0,4103.0,3410.0,3173.0,2822.0,2958.0,2426.0,2634.0,3147.0,3529.0,3923.0,4024.0,3742.0,3777.0,3359.0,3618.0,2940.0,3127.0,2171.0,2321.0,3474.0,3648.0,3475.0,4582.0,3789.0,3981.0,3607.0,3006.0,2458.0,2631.0,2645.0,3011.0,3875.0,3890.0,4578.0,5423.0,3809.0,4229.0,4262.0,4127.0,3867.0,3520.0,3381.0,3496.0,5095.0,4698.0,5173.0,5862.0,4965.0,5783.0,4997.0,4824.0,,
42.0,Nevada,35,3099.0,3498.0,3742.0,3983.0,4223.0,4023.0,4199.0,4379.0,3264.0,4099.0,3610.0,3816.0,4976.0,5215.0,5129.0,6360.0,5864.0,5277.0,5543.0,5578.0,4883.0,5649.0,4172.0,3802.0,5021.0,4809.0,4396.0,5285.0,4542.0,4600.0,4615.0,4306.0,4389.0,5031.0,3994.0,4282.0,5580.0,4881.0,5091.0,5819.0,5227.0,6112.0,5051.0,5006.0,4900.0,5146.0,4419.0,5048.0,5530.0,5112.0,5159.0,6282.0,4544.0,4814.0,3977.0,4388.0,4173.0,4111.0,3699.0,4139.0,4483.0,4965.0,5136.0,4812.0,5046.0,4856.0,4483.0,4482.0,3766.0,4085.0,3477.0,3579.0,4454.0,4709.0,4779.0,5420.0,4379.0,4762.0,4574.0,4365.0,3733.0,4362.0,3285.0,3868.0,4676.0,4912.0,4879.0,6078.0,5546.0,4982.0,4412.0,4355.0,3806.0,4777.0,3733.0,4119.0,5087.0,5338.0,5649.0,6678.0,5123.0,5714.0,5250.0,4844.0,5278.0,5176.0,4209.0,4178.0,5875.0,5233.0,6531.0,7237.0,6196.0,6841.0,6069.0,5569.0,5142.0,
41.0,New Mexico,36,1468.0,1588.0,1579.0,1591.0,1664.0,1575.0,1491.0,1414.0,1005.0,1094.0,876.0,988.0,1240.0,1279.0,1214.0,1441.0,1634.0,1447.0,1539.0,1608.0,1399.0,1359.0,1031.0,1090.0,1560.0,1669.0,1634.0,1753.0,1448.0,1430.0,1482.0,1314.0,1327.0,1312.0,1124.0,1037.0,1364.0,1261.0,1268.0,1370.0,1243.0,1306.0,1270.0,1180.0,1151.0,1211.0,1073.0,1182.0,1509.0,1456.0,1669.0,1554.0,1442.0,1649.0,1334.0,1534.0,1337.0,1516.0,1307.0,1288.0,1532.0,1609.0,1776.0,1727.0,1969.0,1875.0,1657.0,1762.0,1376.0,1477.0,1397.0,1417.0,1817.0,1719.0,1833.0,1812.0,1692.0,1873.0,1820.0,1855.0,1353.0,1479.0,1202.0,1228.0,1737.0,1816.0,1863.0,1964.0,2197.0,2019.0,2031.0,1882.0,1437.0,1756.0,1402.0,1520.0,1869.0,1992.0,2014.0,2285.0,2169.0,2220.0,2139.0,1787.0,1747.0,1941.0,1603.0,1644.0,2286.0,1991.0,2612.0,2737.0,2365.0,2584.0,2340.0,2266.0,2056.0,
61.0,West Virginia,37,912.0,939.0,1055.0,1180.0,1119.0,999.0,1026.0,1007.0,697.0,731.0,596.0,557.0,798.0,837.0,915.0,1055.0,1141.0,1061.0,1027.0,1070.0,959.0,935.0,617.0,656.0,1005.0,1129.0,1179.0,1453.0,1106.0,1205.0,1166.0,1084.0,961.0,935.0,867.0,803.0,970.0,1108.0,1149.0,1335.0,863.0,906.0,812.0,758.0,653.0,735.0,554.0,584.0,795.0,765.0,876.0,940.0,930.0,990.0,907.0,881.0,876.0,847.0,753.0,736.0,848.0,1017.0,1136.0,1151.0,1172.0,1284.0,1149.0,1179.0,950.0,996.0,858.0,768.0,936.0,1108.0,1064.0,1294.0,1196.0,1182.0,803.0,684.0,595.0,549.0,441.0,549.0,672.0,667.0,712.0,1039.0,844.0,688.0,656.0,725.0,565.0,559.0,447.0,488.0,546.0,582.0,748.0,898.0,659.0,695.0,692.0,635.0,628.0,583.0,474.0,410.0,534.0,536.0,754.0,957.0,733.0,813.0,702.0,668.0,599.0,
38.0,Nebraska,38,988.0,1218.0,1431.0,1317.0,1338.0,1316.0,1164.0,1163.0,765.0,863.0,601.0,715.0,919.0,1100.0,1626.0,2071.0,2102.0,1903.0,1750.0,1909.0,1688.0,1237.0,755.0,877.0,1533.0,1770.0,1236.0,2214.0,1141.0,1223.0,1140.0,1131.0,990.0,1064.0,853.0,779.0,1116.0,1232.0,1457.0,1593.0,1480.0,1521.0,1279.0,1206.0,1166.0,1104.0,903.0,897.0,1235.0,1340.0,1602.0,1669.0,1558.0,1375.0,1185.0,1288.0,1032.0,1226.0,875.0,805.0,1231.0,1401.0,1687.0,1830.0,1958.0,1911.0,1510.0,1546.0,1232.0,1276.0,998.0,974.0,1292.0,1519.0,1703.0,1986.0,1997.0,1825.0,1635.0,1561.0,1209.0,1437.0,1002.0,938.0,1532.0,1839.0,2142.0,2424.0,2381.0,2083.0,1834.0,1944.0,1427.0,1665.0,1248.0,1170.0,1684.0,1817.0,2190.0,2426.0,2001.0,2308.0,1971.0,1808.0,1829.0,1729.0,1380.0,1170.0,1896.0,1808.0,2499.0,2715.0,2322.0,2277.0,2014.0,2054.0,,
20.0,Idaho,39,1137.0,1246.0,1373.0,1407.0,1268.0,1291.0,1224.0,1044.0,729.0,789.0,817.0,817.0,1031.0,1243.0,1293.0,1544.0,1596.0,1447.0,1457.0,1562.0,1477.0,1120.0,973.0,1020.0,1505.0,1727.0,1686.0,1591.0,1176.0,1398.0,1395.0,1310.0,1179.0,1365.0,1022.0,1053.0,1462.0,1452.0,1498.0,1517.0,1384.0,1504.0,1214.0,1340.0,1132.0,1156.0,1051.0,1103.0,1317.0,1394.0,1401.0,1622.0,1467.0,1583.0,1163.0,1474.0,1283.0,1257.0,1070.0,1111.0,1396.0,1657.0,2003.0,1931.0,2091.0,2006.0,1612.0,1508.0,1283.0,1234.0,1200.0,1272.0,1519.0,1911.0,2127.0,2207.0,2252.0,1976.0,1922.0,1925.0,1455.0,1500.0,1291.0,1339.0,1877.0,2291.0,2416.0,2671.0,2628.0,2408.0,2409.0,2207.0,1585.0,1943.0,1456.0,1493.0,2066.0,2451.0,2774.0,3199.0,2771.0,2965.0,2578.0,2451.0,2227.0,2184.0,1602.0,1462.0,2258.0,2498.0,3077.0,3429.0,3028.0,3397.0,3060.0,2879.0,2090.0,
18.0,Hawaii,40,1298.0,1385.0,1297.0,1159.0,1056.0,970.0,958.0,900.0,664.0,880.0,528.0,667.0,806.0,775.0,827.0,987.0,1242.0,962.0,1029.0,1129.0,1051.0,1143.0,803.0,796.0,1141.0,1264.0,1118.0,1345.0,1028.0,998.0,1111.0,985.0,889.0,1269.0,828.0,976.0,1231.0,1141.0,1109.0,1278.0,1091.0,1145.0,1227.0,1004.0,1474.0,1180.0,838.0,985.0,1154.0,1118.0,1167.0,1095.0,1047.0,1191.0,1083.0,1216.0,1157.0,1440.0,924.0,962.0,1232.0,1470.0,1357.0,1390.0,1386.0,1519.0,1342.0,1316.0,1249.0,1404.0,1107.0,1061.0,1300.0,1467.0,1545.0,1377.0,1464.0,1388.0,1354.0,1552.0,1108.0,1500.0,1186.0,1134.0,1445.0,1540.0,1540.0,1685.0,1679.0,1449.0,1526.0,1487.0,1188.0,1475.0,1168.0,1443.0,1564.0,1583.0,1574.0,1607.0,1479.0,1620.0,1510.0,1322.0,1598.0,1794.0,1947.0,1116.0,1497.0,1506.0,1625.0,1629.0,1443.0,1581.0,1474.0,1749.0,1728.0,1715.0
35.0,Montana,41,606.0,618.0,743.0,793.0,727.0,776.0,630.0,594.0,359.0,407.0,282.0,370.0,487.0,462.0,612.0,763.0,784.0,690.0,713.0,731.0,631.0,535.0,345.0,363.0,596.0,729.0,802.0,709.0,571.0,579.0,570.0,559.0,513.0,535.0,370.0,360.0,511.0,519.0,561.0,669.0,582.0,716.0,630.0,594.0,519.0,524.0,410.0,435.0,577.0,600.0,742.0,790.0,748.0,700.0,697.0,722.0,647.0,557.0,489.0,475.0,627.0,670.0,901.0,905.0,973.0,899.0,751.0,760.0,594.0,569.0,353.0,434.0,534.0,673.0,825.0,958.0,992.0,963.0,831.0,799.0,557.0,716.0,469.0,440.0,690.0,837.0,935.0,1091.0,1205.0,999.0,1008.0,998.0,695.0,795.0,583.0,502.0,725.0,910.0,1048.0,1240.0,1053.0,1182.0,1084.0,976.0,932.0,743.0,618.0,548.0,860.0,848.0,1103.0,1406.0,1163.0,1372.0,1157.0,1039.0,795.0,
13.0,Delaware,42,633.0,695.0,747.0,743.0,712.0,680.0,704.0,611.0,485.0,597.0,357.0,368.0,497.0,493.0,569.0,687.0,794.0,630.0,689.0,654.0,722.0,661.0,375.0,346.0,523.0,583.0,725.0,982.0,601.0,495.0,521.0,443.0,547.0,541.0,454.0,384.0,497.0,515.0,572.0,579.0,575.0,563.0,556.0,567.0,836.0,978.0,759.0,737.0,907.0,921.0,1103.0,1108.0,1064.0,1153.0,862.0,967.0,971.0,1020.0,783.0,688.0,787.0,989.0,1105.0,1078.0,1231.0,1219.0,1001.0,1084.0,951.0,1016.0,834.0,704.0,858.0,974.0,1073.0,1117.0,1204.0,1114.0,959.0,1112.0,616.0,696.0,427.0,514.0,607.0,552.0,634.0,1123.0,1274.0,1100.0,1089.0,1238.0,639.0,1141.0,869.0,864.0,912.0,1081.0,1192.0,1466.0,1221.0,1403.0,1244.0,1288.0,1203.0,1357.0,1119.0,963.0,1275.0,1155.0,1688.0,1678.0,1614.0,1669.0,1422.0,1368.0,1307.0,
3.0,Alaska,43,,,,,,,,,,,,,,,,,,,,,,,,,,,,,,,,,,,,,,,,,,,,,,,,,,,,,,,,,,,,,,,,,,,,,,,,,,,,,,,,,,,,,,,,,,,564.0,523.0,352.0,537.0,370.0,370.0,493.0,481.0,609.0,767.0,656.0,704.0,596.0,549.0,523.0,490.0,404.0,344.0,439.0,496.0,622.0,744.0,586.0,655.0,610.0,555.0,443.0,464.0
37.0,North Dakota,44,408.0,480.0,568.0,670.0,670.0,651.0,532.0,600.0,414.0,372.0,239.0,313.0,372.0,431.0,475.0,531.0,556.0,696.0,891.0,720.0,623.0,459.0,239.0,289.0,446.0,549.0,701.0,889.0,548.0,577.0,554.0,621.0,558.0,509.0,347.0,282.0,401.0,456.0,377.0,569.0,550.0,642.0,599.0,591.0,509.0,541.0,404.0,474.0,489.0,595.0,679.0,761.0,677.0,747.0,583.0,713.0,606.0,592.0,412.0,396.0,428.0,572.0,669.0,726.0,826.0,813.0,699.0,780.0,684.0,588.0,394.0,403.0,470.0,545.0,755.0,867.0,835.0,819.0,693.0,800.0,679.0,483.0,368.0,301.0,545.0,608.0,634.0,605.0,687.0,711.0,813.0,871.0,633.0,767.0,436.0,431.0,471.0,669.0,736.0,831.0,848.0,812.0,747.0,852.0,678.0,725.0,402.0,362.0,540.0,576.0,855.0,1031.0,789.0,883.0,747.0,740.0,717.0,
58.0,Vermont,45,297.0,292.0,303.0,296.0,296.0,373.0,367.0,366.0,300.0,227.0,163.0,130.0,227.0,223.0,262.0,379.0,401.0,411.0,397.0,402.0,394.0,353.0,226.0,214.0,314.0,348.0,413.0,719.0,447.0,539.0,565.0,591.0,557.0,492.0,377.0,307.0,448.0,458.0,593.0,664.0,672.0,673.0,491.0,441.0,430.0,516.0,380.0,331.0,479.0,529.0,731.0,788.0,794.0,784.0,650.0,857.0,636.0,683.0,442.0,414.0,480.0,592.0,743.0,839.0,905.0,981.0,833.0,834.0,728.0,683.0,463.0,432.0,552.0,588.0,726.0,869.0,965.0,909.0,865.0,907.0,672.0,757.0,410.0,406.0,651.0,685.0,751.0,995.0,1038.0,1042.0,868.0,883.0,783.0,761.0,552.0,580.0,666.0,592.0,851.0,993.0,934.0,1036.0,846.0,894.0,801.0,725.0,563.0,466.0,718.0,588.0,912.0,1068.0,1086.0,1120.0,932.0,1089.0,982.0,
12.0,District of Columbia,46,406.0,378.0,437.0,479.0,512.0,503.0,410.0,403.0,341.0,339.0,283.0,260.0,355.0,378.0,417.0,548.0,566.0,576.0,579.0,508.0,554.0,620.0,441.0,324.0,586.0,546.0,432.0,673.0,509.0,681.0,534.0,557.0,503.0,457.0,439.0,391.0,528.0,463.0,499.0,506.0,473.0,493.0,472.0,348.0,359.0,442.0,339.0,324.0,440.0,402.0,508.0,588.0,569.0,583.0,461.0,478.0,504.0,498.0,517.0,463.0,564.0,603.0,646.0,792.0,791.0,717.0,586.0,677.0,614.0,648.0,560.0,531.0,691.0,620.0,747.0,913.0,917.0,725.0,702.0,842.0,669.0,788.0,529.0,554.0,732.0,793.0,829.0,830.0,947.0,743.0,695.0,812.0,687.0,842.0,596.0,613.0,744.0,850.0,925.0,1009.0,893.0,889.0,839.0,713.0,700.0,649.0,626.0,505.0,782.0,685.0,873.0,819.0,844.0,852.0,700.0,822.0,761.0,
62.0,Wyoming,47,317.0,372.0,414.0,452.0,467.0,456.0,364.0,329.0,229.0,229.0,206.0,197.0,293.0,269.0,358.0,431.0,473.0,378.0,413.0,363.0,343.0,311.0,189.0,221.0,362.0,340.0,392.0,390.0,264.0,290.0,291.0,300.0,250.0,312.0,220.0,181.0,284.0,316.0,346.0,411.0,356.0,378.0,307.0,348.0,274.0,251.0,204.0,243.0,325.0,286.0,392.0,408.0,386.0,391.0,225.0,300.0,270.0,304.0,197.0,237.0,322.0,321.0,403.0,405.0,415.0,448.0,367.0,339.0,318.0,310.0,243.0,247.0,322.0,378.0,425.0,408.0,429.0,401.0,368.0,360.0,286.0,305.0,229.0,271.0,395.0,378.0,416.0,478.0,473.0,451.0,438.0,380.0,313.0,355.0,237.0,304.0,358.0,393.0,445.0,501.0,470.0,478.0,428.0,460.0,352.0,384.0,314.0,311.0,433.0,405.0,554.0,673.0,557.0,615.0,520.0,526.0,451.0,
