RegionID,RegionName,SizeRank,2008-03,2008-04,2008-05,2008-06,2008-07,2008-08,2008-09,2008-10,2008-11,2008-12,2009-01,2009-02,2009-03,2009-04,2009-05,2009-06,2009-07,2009-08,2009-09,2009-10,2009-11,2009-12,2010-01,2010-02,2010-03,2010-04,2010-05,2010-06,2010-07,2010-08,2010-09,2010-10,2010-11,2010-12,2011-01,2011-02,2011-03,2011-04,2011-05,2011-06,2011-07,2011-08,2011-09,2011-10,2011-11,2011-12,2012-01,2012-02,2012-03,2012-04,2012-05,2012-06,2012-07,2012-08,2012-09,2012-10,2012-11,2012-12,2013-01,2013-02,2013-03,2013-04,2013-05,2013-06,2013-07,2013-08,2013-09,2013-10,2013-11,2013-12,2014-01,2014-02,2014-03,2014-04,2014-05,2014-06,2014-07,2014-08,2014-09,2014-10,2014-11,2014-12,2015-01,2015-02,2015-03,2015-04,2015-05,2015-06,2015-07,2015-08,2015-09,2015-10,2015-11,2015-12,2016-01,2016-02,2016-03,2016-04,2016-05,2016-06,2016-07,2016-08,2016-09,2016-10,2016-11,2016-12,2017-01,2017-02,2017-03,2017-04,2017-05,2017-06,2017-07,2017-08,2017-09,2017-10,2017-11,2017-12,2018-01
9.0,California,1,25186.0,25410.0,25843.0,27296.0,29125.0,30327.0,32692.0,34582.0,35856.0,36329.0,37623.0,39219.0,39071.0,36708.0,34332.0,34138.0,34942.0,34929.0,35133.0,35264.0,37445.0,38240.0,38507.0,37907.0,37327.0,35838.0,34643.0,33758.0,32309.0,30695.0,29732.0,29796.0,31736.0,33014.0,35860.0,36250.0,36793.0,34759.0,32919.0,31558.0,30801.0,31499.0,31512.0,31775.0,33177.0,34024.0,36757.0,37815.0,38419.0,36651.0,35207.0,34132.0,33893.0,33815.0,32832.0,34028.0,35877.0,38227.0,39926.0,39771.0,39620.0,38010.0,37177.0,35984.0,36262.0,36064.0,36159.0,35863.0,36050.0,35971.0,36547.0,36059.0,35699.0,34805.0,34045.0,34069.0,33837.0,33543.0,33895.0,34409.0,34950.0,35167.0,35319.0,35763.0,36455.0,36891.0,36995.0,37794.0,38413.0,38308.0,38077.0,37050.0,36986.0,37154.0,37924.0,38895.0,38758.0,38179.0,37657.0,38095.0,37679.0,38271.0,37989.0,38449.0,40380.0,40310.0,41952.0,40028.0,40951.0,38840.0,39286.0,39729.0,39907.0,40028.0,38615.0,39377.0,40437.0,39572.0,40674.0
54.0,Texas,2,27743.0,25890.0,23440.0,23423.0,23234.0,22413.0,21477.0,20920.0,20605.0,20422.0,20649.0,22157.0,22600.0,21663.0,19887.0,20018.0,20930.0,21066.0,21030.0,20949.0,23840.0,24101.0,23937.0,22723.0,23134.0,23787.0,23317.0,23230.0,21127.0,19226.0,17512.0,17626.0,19335.0,19832.0,21825.0,21696.0,22303.0,20841.0,20166.0,19783.0,19309.0,19314.0,18889.0,18986.0,19728.0,20027.0,21907.0,23009.0,23392.0,21905.0,20893.0,21099.0,21842.0,21243.0,20414.0,20780.0,21675.0,22354.0,23819.0,25119.0,25673.0,25519.0,24978.0,25263.0,25078.0,24964.0,25144.0,24733.0,25110.0,24909.0,25805.0,26128.0,26460.0,25921.0,25568.0,26111.0,26313.0,24638.0,25058.0,25555.0,27698.0,27632.0,27925.0,28239.0,28424.0,27463.0,26751.0,27327.0,28240.0,27660.0,27392.0,27335.0,28397.0,28488.0,29487.0,31869.0,32171.0,31099.0,28897.0,28961.0,28762.0,28979.0,28728.0,28671.0,30329.0,30368.0,32479.0,32693.0,33515.0,31660.0,30867.0,30721.0,30986.0,30014.0,29500.0,30419.0,32740.0,33021.0,
43.0,New York,3,,,,,,,,,,,,,,,,,,,,,,,,,,,,,,,,,,9349.0,9659.0,10076.0,11194.0,11752.0,11392.0,10924.0,10410.0,10370.0,9870.0,9490.0,9262.0,9165.0,9745.0,10129.0,10797.0,10835.0,10965.0,10992.0,10803.0,10505.0,9988.0,9830.0,9795.0,9778.0,10565.0,11206.0,11891.0,11753.0,11931.0,11768.0,11833.0,12019.0,12572.0,12895.0,12715.0,12631.0,12656.0,12617.0,12634.0,12517.0,12733.0,12701.0,12851.0,12746.0,12785.0,12973.0,12892.0,13157.0,12970.0,13632.0,14064.0,14401.0,13880.0,13863.0,14288.0,14808.0,15019.0,14789.0,14981.0,14945.0,15052.0,15767.0,16884.0,17346.0,16743.0,16142.0,15809.0,16191.0,15934.0,15806.0,15923.0,15974.0,16825.0,17482.0,18548.0,18575.0,18286.0,17694.0,17023.0,17034.0,16236.0,16415.0,15332.0,,
14.0,Florida,4,18189.0,17562.0,17388.0,17719.0,18078.0,17751.0,17946.0,17800.0,17551.0,17243.0,18040.0,19392.0,20385.0,20037.0,20104.0,20737.0,21866.0,22403.0,22962.0,23578.0,24896.0,25380.0,25876.0,25234.0,25820.0,25317.0,25341.0,24962.0,24414.0,23891.0,23185.0,23081.0,23769.0,24309.0,26838.0,28243.0,29617.0,28449.0,27472.0,26101.0,24851.0,25010.0,24810.0,24609.0,24660.0,24606.0,26049.0,26220.0,26875.0,26653.0,26805.0,26236.0,25862.0,25705.0,25802.0,27341.0,28748.0,30027.0,31904.0,32484.0,33125.0,32528.0,32865.0,33007.0,32949.0,33092.0,33556.0,33867.0,33728.0,33771.0,34506.0,34964.0,35287.0,34920.0,35152.0,35344.0,35641.0,35459.0,36374.0,37253.0,38122.0,38763.0,38362.0,38959.0,39630.0,40513.0,40060.0,40411.0,40611.0,40781.0,40626.0,39787.0,39790.0,38653.0,38707.0,39114.0,39430.0,38940.0,38451.0,38885.0,38299.0,38520.0,37409.0,37541.0,38542.0,39200.0,40961.0,40363.0,41516.0,40419.0,40985.0,40827.0,40840.0,40970.0,37181.0,37301.0,36716.0,39208.0,
21.0,Illinois,5,14956.0,14554.0,13482.0,12912.0,12841.0,12506.0,12532.0,12119.0,11677.0,11069.0,10571.0,11023.0,11553.0,11846.0,11371.0,11088.0,11412.0,11596.0,11899.0,12217.0,13734.0,14523.0,14287.0,13695.0,13750.0,14214.0,14107.0,13740.0,12788.0,11569.0,10256.0,9609.0,10033.0,10557.0,11536.0,11818.0,12279.0,11701.0,11369.0,10936.0,10737.0,10880.0,10618.0,10698.0,10947.0,11421.0,12435.0,13097.0,13554.0,13167.0,12813.0,12539.0,12319.0,12378.0,11827.0,11930.0,11716.0,12119.0,13513.0,14355.0,14938.0,14505.0,14053.0,13782.0,14256.0,14613.0,14989.0,15013.0,15646.0,16057.0,16557.0,16714.0,16690.0,16282.0,15767.0,15877.0,15661.0,15123.0,15565.0,16206.0,16689.0,16680.0,15981.0,16540.0,16786.0,17297.0,17026.0,17243.0,17824.0,18366.0,18282.0,17742.0,17198.0,16817.0,16787.0,18128.0,18674.0,18758.0,18315.0,18531.0,18580.0,18677.0,18120.0,17744.0,17524.0,17736.0,18584.0,18533.0,19292.0,18864.0,19414.0,19026.0,19092.0,18825.0,17841.0,17435.0,17304.0,17765.0,
47.0,Pennsylvania,6,13302.0,12804.0,11729.0,11346.0,11036.0,10860.0,10758.0,10505.0,10162.0,9594.0,9286.0,9398.0,9591.0,9655.0,9288.0,9416.0,9740.0,10251.0,10549.0,10668.0,11521.0,11655.0,11105.0,10120.0,10223.0,10954.0,11174.0,11417.0,10727.0,9906.0,8720.0,8326.0,8661.0,8830.0,9477.0,10053.0,10476.0,10134.0,9560.0,9343.0,9159.0,9428.0,9122.0,9110.0,8971.0,9048.0,9883.0,10634.0,11012.0,10646.0,10212.0,9993.0,10006.0,9893.0,9436.0,9496.0,9899.0,10539.0,11313.0,11739.0,11907.0,11779.0,11530.0,11568.0,11572.0,11628.0,11883.0,11746.0,11638.0,11504.0,11833.0,12020.0,12062.0,11727.0,11470.0,11715.0,11760.0,11898.0,11851.0,12097.0,12197.0,12540.0,12791.0,13573.0,13964.0,13972.0,13330.0,13226.0,13781.0,14046.0,14278.0,14059.0,14090.0,14059.0,14263.0,15455.0,15676.0,15615.0,14952.0,15060.0,14786.0,14939.0,14695.0,14606.0,14722.0,14880.0,16016.0,16530.0,17210.0,16503.0,16058.0,15631.0,15352.0,15368.0,14946.0,15212.0,15315.0,15054.0,
44.0,Ohio,7,13543.0,13048.0,12126.0,11779.0,11511.0,11164.0,11115.0,11142.0,10976.0,10932.0,10539.0,11043.0,11027.0,11010.0,10213.0,9912.0,10033.0,10328.0,10613.0,10977.0,11817.0,12255.0,11992.0,11538.0,11565.0,11942.0,12127.0,11896.0,10695.0,9581.0,8864.0,8938.0,9322.0,9672.0,10514.0,11022.0,11442.0,11083.0,10659.0,9959.0,9587.0,9614.0,9703.0,9825.0,9938.0,10184.0,10991.0,11784.0,12155.0,11703.0,10996.0,10377.0,10048.0,9823.0,9506.0,9883.0,10284.0,11030.0,12036.0,12886.0,13395.0,13054.0,12838.0,12687.0,12856.0,12872.0,12789.0,12713.0,12691.0,12751.0,12736.0,12662.0,12367.0,11945.0,11752.0,11943.0,12147.0,11719.0,11851.0,12127.0,12572.0,13149.0,13315.0,14103.0,14284.0,14518.0,14170.0,14146.0,14232.0,14257.0,14092.0,13796.0,13359.0,13155.0,13669.0,14843.0,15145.0,14861.0,14467.0,14912.0,14912.0,15164.0,15071.0,15057.0,15068.0,14959.0,15608.0,15897.0,16801.0,16639.0,16820.0,16520.0,16425.0,16677.0,16784.0,17446.0,17748.0,18115.0,
30.0,Michigan,8,12382.0,12565.0,12053.0,11612.0,11282.0,10820.0,10844.0,10743.0,9786.0,9872.0,10041.0,11646.0,12500.0,13021.0,12914.0,12116.0,12006.0,11758.0,11868.0,11202.0,10741.0,11547.0,12219.0,13619.0,14034.0,14624.0,14231.0,13464.0,12107.0,11042.0,10261.0,10046.0,9943.0,10427.0,11321.0,12577.0,13484.0,13454.0,12898.0,11718.0,11125.0,11502.0,11529.0,11310.0,11138.0,11466.0,12482.0,13782.0,14750.0,14740.0,14009.0,13123.0,12858.0,12581.0,12434.0,13049.0,14324.0,15007.0,15728.0,15749.0,16122.0,15704.0,15104.0,14687.0,14609.0,14448.0,14775.0,14925.0,15407.0,15468.0,15384.0,15099.0,14638.0,14445.0,14037.0,14060.0,14304.0,14248.0,14452.0,14365.0,14659.0,15493.0,15356.0,15374.0,14971.0,15476.0,15243.0,15563.0,15350.0,15753.0,15256.0,15297.0,15021.0,15258.0,15475.0,16506.0,17055.0,17195.0,17047.0,17056.0,17098.0,17274.0,17237.0,16098.0,13841.0,13677.0,15011.0,17078.0,17897.0,17493.0,18212.0,18210.0,18608.0,18662.0,17907.0,17592.0,15415.0,15738.0,
16.0,Georgia,9,13781.0,13449.0,12662.0,12564.0,12489.0,12313.0,12405.0,12662.0,12469.0,12286.0,10940.0,10376.0,9930.0,9893.0,9694.0,9715.0,10250.0,10820.0,10742.0,10900.0,11390.0,12149.0,11288.0,10780.0,10353.0,11072.0,10935.0,10740.0,9998.0,9492.0,9461.0,10433.0,11481.0,11767.0,11487.0,11353.0,11366.0,11074.0,11063.0,11195.0,11733.0,12788.0,14393.0,16085.0,17318.0,17398.0,18027.0,18638.0,19155.0,19253.0,19069.0,19944.0,20259.0,20659.0,20084.0,20617.0,21189.0,21356.0,21918.0,21892.0,22016.0,21283.0,20822.0,21032.0,21195.0,21436.0,21104.0,21053.0,20730.0,20300.0,19996.0,19710.0,19968.0,19426.0,19206.0,19255.0,19774.0,19848.0,19912.0,20289.0,20390.0,20275.0,19752.0,19653.0,19676.0,19713.0,17870.0,16559.0,15042.0,15254.0,16635.0,17487.0,17071.0,17168.0,17524.0,20209.0,20455.0,21039.0,20986.0,22018.0,21206.0,20539.0,18878.0,18825.0,18760.0,19071.0,17808.0,16642.0,16001.0,16404.0,17224.0,17427.0,17459.0,17208.0,16291.0,16630.0,16770.0,17610.0,
36.0,North Carolina,10,10981.0,10574.0,9550.0,9368.0,9179.0,8986.0,8799.0,8627.0,7946.0,7440.0,7034.0,7598.0,7752.0,7660.0,7130.0,7191.0,7556.0,7822.0,8154.0,8517.0,9097.0,8958.0,8407.0,8054.0,8233.0,8707.0,8694.0,8700.0,7877.0,7353.0,6849.0,7012.0,7131.0,7359.0,7584.0,7887.0,7931.0,7778.0,7384.0,7123.0,6814.0,7032.0,7017.0,7135.0,7029.0,6967.0,7349.0,7975.0,8281.0,8126.0,7708.0,7556.0,7364.0,7267.0,7123.0,7504.0,7846.0,8358.0,8991.0,9547.0,9751.0,9742.0,9687.0,9719.0,9668.0,9761.0,9836.0,10014.0,9879.0,9881.0,9987.0,10189.0,10180.0,9909.0,9734.0,9854.0,10030.0,9962.0,9847.0,10248.0,10281.0,10752.0,10674.0,11178.0,11310.0,10279.0,8896.0,8749.0,10002.0,11177.0,11193.0,10757.0,9919.0,9226.0,9191.0,10403.0,11261.0,11793.0,11928.0,12671.0,12562.0,12980.0,13053.0,13573.0,14070.0,14023.0,14618.0,14676.0,15453.0,15044.0,14790.0,14661.0,14495.0,14999.0,15256.0,16376.0,16665.0,16343.0,
40.0,New Jersey,11,8111.0,8146.0,7773.0,7510.0,7320.0,7251.0,7066.0,6665.0,6268.0,5907.0,5448.0,5493.0,5590.0,5786.0,5514.0,5424.0,5603.0,6022.0,6508.0,6769.0,7332.0,7547.0,7289.0,6784.0,6712.0,6979.0,6989.0,7069.0,6996.0,6634.0,5835.0,5280.0,5376.0,5393.0,5744.0,6199.0,6694.0,6602.0,6186.0,5866.0,5703.0,5791.0,5744.0,5768.0,5536.0,5450.0,5535.0,6047.0,6322.0,6468.0,6395.0,6226.0,6230.0,6152.0,6123.0,6206.0,6095.0,6443.0,7008.0,7768.0,7902.0,7820.0,7642.0,7553.0,7543.0,7478.0,7749.0,7924.0,7943.0,7791.0,7658.0,7663.0,7802.0,7800.0,7815.0,7710.0,7816.0,7825.0,7924.0,7952.0,8023.0,8386.0,8401.0,9016.0,9176.0,9477.0,9185.0,9402.0,9776.0,10382.0,10409.0,10290.0,10084.0,10071.0,10184.0,11186.0,11682.0,11748.0,10941.0,11001.0,10914.0,11136.0,11088.0,11284.0,11449.0,11598.0,12871.0,13882.0,14984.0,14598.0,14082.0,13682.0,13405.0,13894.0,14057.0,14833.0,15156.0,,
56.0,Virginia,12,7739.0,7506.0,6937.0,6839.0,6813.0,6937.0,7033.0,7093.0,6869.0,6563.0,6617.0,7062.0,7298.0,6921.0,6380.0,6419.0,6696.0,6909.0,6879.0,6991.0,7735.0,7587.0,7613.0,7031.0,7319.0,7248.0,7075.0,6911.0,6306.0,6049.0,5710.0,5778.0,6095.0,6261.0,6973.0,7129.0,7395.0,6895.0,6515.0,6251.0,6068.0,6138.0,6035.0,5988.0,6101.0,6175.0,6928.0,7397.0,7737.0,7349.0,7052.0,6940.0,6936.0,6908.0,6604.0,6702.0,7082.0,7387.0,8251.0,8427.0,8762.0,8190.0,7996.0,8014.0,8034.0,7918.0,7657.0,7555.0,7536.0,7532.0,7718.0,7803.0,7807.0,7667.0,7548.0,7740.0,7883.0,7939.0,8078.0,8167.0,8251.0,8287.0,8583.0,8847.0,9244.0,8985.0,8770.0,8504.0,8742.0,8859.0,9016.0,8955.0,9033.0,9194.0,9543.0,10376.0,10526.0,10426.0,10115.0,10336.0,10203.0,10324.0,10036.0,10073.0,10128.0,10201.0,11134.0,11273.0,11668.0,10971.0,10826.0,10771.0,10570.0,10542.0,10108.0,10450.0,10590.0,10757.0,
59.0,Washington,13,7068.0,6630.0,5917.0,5708.0,5485.0,5289.0,5251.0,5191.0,4830.0,4413.0,4421.0,4771.0,4905.0,4666.0,4438.0,4739.0,5168.0,5462.0,5590.0,5899.0,6644.0,6698.0,6628.0,6333.0,6554.0,6575.0,6314.0,6046.0,5262.0,4767.0,4383.0,4608.0,4968.0,5432.0,6064.0,6294.0,6265.0,5812.0,5468.0,5322.0,5195.0,5362.0,5354.0,5565.0,5815.0,6011.0,6434.0,6708.0,6773.0,6450.0,6111.0,5986.0,5897.0,5998.0,5877.0,6191.0,6457.0,6890.0,7482.0,7659.0,7828.0,7562.0,7549.0,7534.0,7739.0,7869.0,7883.0,7699.0,7629.0,7692.0,8191.0,8380.0,8286.0,7829.0,7577.0,7803.0,7913.0,7915.0,7987.0,8312.0,8536.0,8718.0,8965.0,9475.0,9684.0,9693.0,9410.0,9681.0,9831.0,9909.0,9880.0,9725.0,9676.0,9801.0,10083.0,10571.0,10604.0,10429.0,10412.0,10585.0,10594.0,10822.0,10846.0,11070.0,11495.0,11479.0,12244.0,11834.0,11714.0,10539.0,10575.0,10993.0,11349.0,11544.0,11258.0,11475.0,11807.0,11575.0,12106.0
26.0,Massachusetts,14,6395.0,6371.0,5393.0,5063.0,4835.0,4724.0,4704.0,4749.0,4546.0,4354.0,4192.0,4931.0,5321.0,5309.0,4562.0,4167.0,4392.0,4561.0,4829.0,4999.0,5634.0,5612.0,5469.0,5729.0,6305.0,6720.0,6080.0,5746.0,4874.0,4348.0,3913.0,4035.0,4277.0,4480.0,4809.0,5698.0,6079.0,6102.0,5091.0,4545.0,4158.0,4210.0,4024.0,4006.0,4162.0,4130.0,4277.0,4478.0,5249.0,5317.0,4759.0,4467.0,4531.0,5091.0,4414.0,4437.0,4742.0,5526.0,5979.0,6421.0,6630.0,6532.0,6026.0,5855.0,5952.0,5916.0,5926.0,5781.0,5804.0,5769.0,5941.0,6378.0,6556.0,6446.0,5904.0,5829.0,5824.0,5793.0,5771.0,5816.0,5821.0,5869.0,5942.0,6576.0,6648.0,6394.0,5763.0,5951.0,6584.0,6852.0,6979.0,5987.0,5798.0,5568.0,6417.0,7143.0,7293.0,7077.0,6426.0,6468.0,5745.0,5900.0,5854.0,6515.0,6158.0,6056.0,6513.0,7405.0,7745.0,7282.0,6716.0,6580.0,6585.0,6620.0,6428.0,6571.0,6935.0,6793.0,
22.0,Indiana,15,7573.0,6468.0,6012.0,6151.0,6293.0,6455.0,6656.0,6866.0,6893.0,6891.0,6899.0,6825.0,6602.0,6147.0,6e3,6157.0,6451.0,6688.0,6782.0,6995.0,7675.0,8167.0,8052.0,7200.0,6728.0,6624.0,6863.0,6945.0,6467.0,6022.0,5473.0,5567.0,5901.0,6245.0,6823.0,6586.0,6498.0,5898.0,5883.0,5770.0,5731.0,5936.0,5864.0,6014.0,6305.0,6681.0,7446.0,7344.0,7381.0,6680.0,6623.0,6452.0,6475.0,6444.0,6186.0,6358.0,6438.0,6615.0,7282.0,7288.0,7183.0,6350.0,6196.0,6158.0,6159.0,6216.0,6320.0,6454.0,6683.0,6889.0,8433.0,8886.0,9323.0,8324.0,8298.0,8398.0,8717.0,8732.0,8630.0,8468.0,8279.0,8464.0,8665.0,8385.0,8036.0,7506.0,7554.0,7892.0,8286.0,8745.0,8920.0,8901.0,9139.0,9255.0,9608.0,9323.0,9255.0,8960.0,9282.0,9403.0,9287.0,9317.0,9164.0,9113.0,8947.0,8586.0,9670.0,9310.0,10174.0,9216.0,9941.0,10007.0,10162.0,9981.0,9146.0,9009.0,9039.0,8954.0,
8.0,Arizona,16,6940.0,6744.0,6846.0,7159.0,7642.0,7770.0,8221.0,8419.0,8553.0,8519.0,8595.0,8974.0,9361.0,9604.0,9830.0,10358.0,11082.0,11150.0,11136.0,11110.0,12064.0,12324.0,12068.0,11396.0,11273.0,11325.0,11153.0,10956.0,10277.0,9940.0,9725.0,10033.0,10942.0,11530.0,12400.0,12312.0,12540.0,12207.0,12044.0,11728.0,11407.0,11540.0,11299.0,11341.0,11821.0,11855.0,12241.0,11923.0,11985.0,11468.0,10959.0,10567.0,10512.0,10692.0,10597.0,11083.0,11889.0,12551.0,12942.0,12334.0,12177.0,11730.0,11724.0,11383.0,11248.0,10861.0,10784.0,10563.0,10685.0,10550.0,10570.0,10417.0,10345.0,10148.0,9963.0,10022.0,9916.0,10001.0,10138.0,10394.0,10405.0,10523.0,10546.0,10657.0,10806.0,10987.0,11119.0,11454.0,11697.0,11574.0,11405.0,11292.0,11763.0,12087.0,12326.0,12354.0,12517.0,12590.0,12679.0,12727.0,12703.0,12971.0,13076.0,13236.0,14158.0,14076.0,14412.0,13304.0,13669.0,13121.0,13487.0,13106.0,12868.0,12421.0,12163.0,12686.0,13517.0,13563.0,13781.0
53.0,Tennessee,17,10434.0,9711.0,8839.0,8549.0,8343.0,8112.0,7931.0,7681.0,7115.0,6612.0,6649.0,7258.0,7561.0,7389.0,6909.0,6896.0,7053.0,7257.0,7442.0,7683.0,8121.0,8123.0,7962.0,7845.0,8165.0,8436.0,8291.0,8029.0,7201.0,6750.0,6274.0,6306.0,6362.0,6284.0,6605.0,6783.0,6887.0,6533.0,6280.0,6216.0,6152.0,6315.0,6418.0,6532.0,6560.0,6561.0,7188.0,7706.0,8092.0,7851.0,7562.0,7312.0,7180.0,7136.0,6922.0,7057.0,6971.0,7213.0,7703.0,8110.0,8290.0,8226.0,8176.0,8172.0,8091.0,8178.0,8297.0,8281.0,8167.0,8090.0,8399.0,8620.0,8857.0,8663.0,8535.0,8564.0,8651.0,8563.0,8733.0,8930.0,9087.0,9141.0,9075.0,9188.0,9426.0,9360.0,9394.0,9574.0,9923.0,10196.0,10142.0,10046.0,9461.0,9422.0,9507.0,10500.0,10506.0,10392.0,10115.0,10257.0,10018.0,9947.0,9731.0,9902.0,10033.0,10203.0,10754.0,10907.0,11316.0,10921.0,11040.0,10694.0,10507.0,10333.0,10097.0,10410.0,10252.0,10051.0,
32.0,Missouri,18,6376.0,6044.0,5837.0,5720.0,5707.0,5582.0,5675.0,5611.0,5466.0,5294.0,5184.0,5307.0,5386.0,5278.0,5050.0,5009.0,5252.0,5478.0,5678.0,5850.0,6391.0,6480.0,6187.0,5666.0,5657.0,5860.0,5967.0,5823.0,5254.0,4731.0,4364.0,4472.0,4758.0,5029.0,5408.0,5434.0,5332.0,5031.0,4903.0,4912.0,4784.0,4942.0,4941.0,5033.0,5079.0,5096.0,5520.0,5662.0,5710.0,5442.0,5308.0,5167.0,5145.0,5081.0,4975.0,5064.0,5183.0,5611.0,6244.0,6411.0,6380.0,5898.0,5790.0,5621.0,5628.0,5643.0,5755.0,5656.0,5561.0,5579.0,5748.0,5779.0,5623.0,5370.0,5276.0,5409.0,5499.0,5563.0,5574.0,5696.0,5647.0,5761.0,5793.0,6076.0,6234.0,6277.0,6197.0,6271.0,6441.0,6464.0,6587.0,6453.0,6364.0,6388.0,6800.0,7373.0,7432.0,7277.0,7164.0,7257.0,7193.0,7171.0,7046.0,7135.0,7334.0,7249.0,7672.0,7568.0,7962.0,7629.0,7906.0,7744.0,7693.0,7611.0,7562.0,7730.0,7915.0,7867.0,
27.0,Maryland,19,7917.0,7808.0,7063.0,6683.0,6011.0,5774.0,5758.0,6174.0,6364.0,6128.0,5349.0,5183.0,5501.0,6052.0,5911.0,5561.0,5024.0,5335.0,5339.0,5680.0,5685.0,5764.0,6085.0,5795.0,6002.0,5583.0,5733.0,5498.0,5074.0,5243.0,5160.0,5545.0,5251.0,5037.0,5075.0,5096.0,5814.0,6061.0,6165.0,5775.0,5411.0,5361.0,5121.0,5203.0,5030.0,4786.0,4924.0,5162.0,5396.0,5113.0,4996.0,4891.0,4797.0,4825.0,4604.0,4901.0,5194.0,5504.0,6002.0,5944.0,6003.0,5767.0,5724.0,5926.0,5872.0,6085.0,6342.0,6627.0,6496.0,6105.0,5943.0,5990.0,6114.0,6061.0,5569.0,5723.0,5825.0,6322.0,6276.0,6436.0,6532.0,6753.0,6820.0,7105.0,7253.0,7442.0,7278.0,7457.0,7547.0,7680.0,7433.0,7242.0,7058.0,7369.0,7381.0,8502.0,8799.0,9005.0,8569.0,8732.0,8913.0,8847.0,8720.0,8618.0,9259.0,9462.0,10038.0,10215.0,10675.0,10646.0,10292.0,10058.0,9598.0,9619.0,9576.0,9989.0,10545.0,10510.0,
60.0,Wisconsin,20,6316.0,5787.0,5357.0,5208.0,5215.0,5157.0,5228.0,5176.0,4964.0,4609.0,4513.0,4781.0,4889.0,4645.0,4337.0,4394.0,4749.0,5035.0,5294.0,5393.0,5822.0,5964.0,5932.0,5725.0,5691.0,5792.0,5760.0,5842.0,5124.0,4436.0,3743.0,3844.0,4186.0,4371.0,5054.0,5383.0,5511.0,4887.0,4436.0,4203.0,4156.0,4234.0,4291.0,4419.0,4575.0,4831.0,5485.0,6061.0,6187.0,5838.0,5487.0,5329.0,5172.0,5026.0,4904.0,5171.0,5213.0,5667.0,6458.0,7091.0,6961.0,6210.0,5680.0,5525.0,5574.0,5661.0,5790.0,5808.0,5894.0,5997.0,6413.0,6593.0,6586.0,6109.0,5837.0,5852.0,6101.0,6075.0,6203.0,6526.0,6453.0,6449.0,6086.0,6381.0,6485.0,6479.0,6149.0,6179.0,6221.0,6412.0,6328.0,6295.0,6280.0,6363.0,6600.0,7247.0,7274.0,7084.0,6930.0,7212.0,7329.0,7258.0,7015.0,6995.0,6992.0,6969.0,7387.0,7425.0,7587.0,7147.0,7319.0,7473.0,7641.0,7610.0,7437.0,7632.0,7845.0,7782.0,
31.0,Minnesota,21,5166.0,5211.0,4789.0,4765.0,4701.0,4644.0,4970.0,5153.0,5132.0,4916.0,4568.0,4834.0,4764.0,4910.0,4524.0,4461.0,4733.0,5072.0,5542.0,5692.0,6215.0,6443.0,6019.0,5772.0,5421.0,5688.0,5474.0,5404.0,5028.0,4436.0,3975.0,3751.0,4060.0,4352.0,4783.0,5278.0,5522.0,5531.0,5060.0,4667.0,4475.0,4560.0,4626.0,4803.0,5055.0,5370.0,5593.0,6211.0,6477.0,6385.0,5610.0,5222.0,5181.0,5319.0,5399.0,5683.0,5923.0,6252.0,6466.0,6763.0,6637.0,6484.0,6192.0,6203.0,6359.0,6652.0,7056.0,7264.0,7150.0,7005.0,6773.0,6909.0,6738.0,6681.0,6426.0,6505.0,6558.0,6517.0,6325.0,6395.0,6509.0,6872.0,6621.0,7087.0,7284.0,8124.0,8037.0,8213.0,7969.0,7824.0,7540.0,7356.0,7297.0,7386.0,7626.0,8610.0,8955.0,8856.0,8121.0,8204.0,8321.0,8653.0,8629.0,8541.0,8629.0,8502.0,8472.0,8167.0,7924.0,7925.0,8347.0,9030.0,9401.0,9399.0,9261.0,9335.0,9551.0,9349.0,
10.0,Colorado,22,9020.0,8057.0,7350.0,7145.0,7043.0,6922.0,6879.0,7091.0,7028.0,6599.0,6579.0,7030.0,7221.0,6505.0,5644.0,5637.0,5830.0,6050.0,6061.0,6223.0,7032.0,7011.0,7380.0,7126.0,7578.0,7319.0,7010.0,6744.0,6018.0,5409.0,4901.0,4981.0,5530.0,5738.0,6640.0,6717.0,6974.0,6380.0,6061.0,5863.0,5628.0,5742.0,5760.0,6021.0,6458.0,6548.0,7312.0,7780.0,8081.0,7596.0,7086.0,6990.0,6906.0,6946.0,6890.0,7302.0,7833.0,8040.0,8897.0,9315.0,9743.0,9211.0,8866.0,8785.0,8836.0,8756.0,8606.0,8408.0,8281.0,7953.0,8402.0,8717.0,9149.0,8842.0,8571.0,8778.0,8946.0,8962.0,9042.0,9073.0,9306.0,9179.0,9433.0,9663.0,9981.0,9829.0,9606.0,9922.0,10046.0,10081.0,9915.0,9892.0,9971.0,9943.0,10541.0,11154.0,11223.0,10492.0,9828.0,9877.0,9715.0,9936.0,9829.0,10124.0,10908.0,10996.0,12158.0,11927.0,12085.0,10739.0,10269.0,10105.0,9978.0,9904.0,9582.0,9941.0,10392.0,10325.0,11433.0
4.0,Alabama,23,3725.0,3480.0,3360.0,3327.0,3300.0,3289.0,3288.0,3248.0,3083.0,3004.0,2921.0,2946.0,2918.0,2817.0,2635.0,2552.0,2639.0,2804.0,2895.0,2922.0,3207.0,3308.0,3307.0,3071.0,3082.0,3186.0,3338.0,3375.0,3212.0,3005.0,2820.0,2788.0,2870.0,2878.0,3041.0,3047.0,3125.0,2948.0,2944.0,2973.0,3153.0,3327.0,3258.0,3259.0,3104.0,3179.0,3383.0,3431.0,3469.0,3292.0,3433.0,3426.0,3481.0,3392.0,3517.0,3739.0,4103.0,4192.0,4392.0,4312.0,4296.0,4085.0,4091.0,4051.0,4109.0,4157.0,4209.0,4291.0,4373.0,4494.0,4507.0,4467.0,4413.0,4379.0,4294.0,4370.0,4368.0,4458.0,4527.0,4546.0,4344.0,4161.0,4007.0,4124.0,4364.0,4540.0,4616.0,4692.0,4771.0,4777.0,4755.0,4647.0,4669.0,4745.0,4979.0,5174.0,5179.0,4994.0,4961.0,4978.0,4884.0,4809.0,4730.0,4848.0,5111.0,5196.0,5681.0,5567.0,5708.0,5343.0,5371.0,5224.0,5162.0,5200.0,5128.0,5268.0,5307.0,5253.0,
51.0,South Carolina,24,6794.0,6555.0,6093.0,5895.0,5733.0,5720.0,5700.0,5593.0,5151.0,5003.0,4740.0,4896.0,4872.0,4713.0,4507.0,4408.0,4551.0,4806.0,4894.0,5124.0,5435.0,5774.0,5589.0,5513.0,5361.0,5638.0,5402.0,5362.0,4931.0,4852.0,4505.0,4621.0,4694.0,5050.0,5118.0,5304.0,5312.0,5229.0,4986.0,4763.0,4654.0,4743.0,4711.0,4835.0,4820.0,5031.0,5301.0,5674.0,5725.0,5592.0,5298.0,5109.0,5034.0,5281.0,5301.0,5658.0,5640.0,5919.0,6022.0,6210.0,6245.0,6258.0,6325.0,6277.0,6363.0,6524.0,6733.0,6879.0,6742.0,6803.0,6691.0,6556.0,6430.0,6179.0,6092.0,6053.0,6063.0,6037.0,6093.0,6197.0,6178.0,6245.0,6406.0,6748.0,7210.0,7229.0,7070.0,6803.0,6835.0,6846.0,6636.0,6379.0,6076.0,5935.0,5983.0,6383.0,6782.0,6778.0,6799.0,6712.0,6676.0,6678.0,6676.0,6850.0,7037.0,7135.0,7742.0,8108.0,8817.0,8604.0,8521.0,8442.0,8533.0,8848.0,8505.0,8707.0,8580.0,8849.0,
25.0,Louisiana,25,3632.0,3292.0,3286.0,3311.0,3343.0,3006.0,2809.0,2658.0,2451.0,2532.0,2548.0,2736.0,2718.0,2636.0,2487.0,2492.0,2614.0,2725.0,2874.0,2933.0,3069.0,3049.0,2928.0,2751.0,2723.0,2881.0,3011.0,2925.0,2678.0,2528.0,2534.0,2534.0,2493.0,2529.0,2673.0,2753.0,2836.0,2796.0,2829.0,2839.0,2809.0,2845.0,2791.0,2773.0,2671.0,2511.0,2643.0,2724.0,2889.0,2886.0,3085.0,3093.0,3007.0,2764.0,2817.0,2938.0,3024.0,2933.0,2994.0,3001.0,3151.0,3239.0,3453.0,3611.0,3589.0,3606.0,3572.0,3644.0,3593.0,3611.0,3658.0,3832.0,3744.0,3728.0,3621.0,3827.0,3871.0,3775.0,3635.0,3608.0,3675.0,3715.0,3700.0,3689.0,3723.0,3566.0,3444.0,3122.0,3248.0,3394.0,3657.0,3529.0,3290.0,3219.0,3361.0,3614.0,3680.0,3564.0,3517.0,3424.0,3373.0,3350.0,3375.0,3420.0,3509.0,3555.0,3865.0,3914.0,4123.0,3857.0,3836.0,3573.0,3607.0,3557.0,3672.0,3675.0,3549.0,3454.0,
24.0,Kentucky,26,3694.0,3469.0,3113.0,3038.0,3028.0,2979.0,3069.0,3118.0,2971.0,2879.0,2712.0,3038.0,3076.0,3129.0,2879.0,2973.0,3094.0,3249.0,3336.0,3504.0,3753.0,3848.0,3767.0,3772.0,3789.0,3803.0,3727.0,3660.0,3413.0,3087.0,2807.0,2742.0,2812.0,2899.0,3198.0,3468.0,3499.0,3250.0,2893.0,2719.0,2623.0,2706.0,2767.0,2824.0,2902.0,3005.0,3266.0,3483.0,3511.0,3368.0,3170.0,2860.0,2770.0,2509.0,2674.0,2897.0,3265.0,3508.0,3724.0,3904.0,3920.0,3811.0,3773.0,3756.0,3837.0,3806.0,3819.0,3807.0,3767.0,3739.0,3753.0,3830.0,3775.0,3613.0,3425.0,3353.0,3242.0,3159.0,3121.0,3168.0,3091.0,3102.0,3027.0,3167.0,3241.0,3302.0,3250.0,3378.0,3519.0,3673.0,3736.0,3591.0,3260.0,2865.0,3063.0,3590.0,3962.0,3916.0,3862.0,3960.0,3903.0,3956.0,3903.0,4029.0,4145.0,4296.0,4578.0,4656.0,4813.0,4519.0,4378.0,4218.0,4199.0,4300.0,4295.0,4551.0,4583.0,4622.0,
46.0,Oregon,27,3937.0,3741.0,3416.0,3321.0,3243.0,3160.0,3168.0,3137.0,3039.0,2766.0,2628.0,2681.0,2796.0,2835.0,2745.0,2906.0,3139.0,3339.0,3476.0,3661.0,4070.0,4041.0,3876.0,3570.0,3671.0,3847.0,3876.0,3768.0,3284.0,2978.0,2832.0,2920.0,3167.0,3258.0,3534.0,3557.0,3588.0,3399.0,3219.0,3121.0,3018.0,3044.0,3004.0,3023.0,3176.0,3249.0,3551.0,3696.0,3746.0,3639.0,3516.0,3561.0,3511.0,3562.0,3545.0,3730.0,3850.0,3908.0,4005.0,4061.0,4159.0,4122.0,4177.0,4244.0,4266.0,4286.0,4251.0,4266.0,4185.0,3732.0,3910.0,4017.0,4443.0,4369.0,4366.0,4576.0,4677.0,4665.0,4734.0,4845.0,4994.0,4913.0,4941.0,5098.0,5336.0,5598.0,5623.0,5944.0,6059.0,6177.0,6225.0,6104.0,6155.0,6014.0,6232.0,6376.0,6425.0,6226.0,6098.0,6177.0,6039.0,6113.0,6120.0,6270.0,6579.0,6569.0,6972.0,6704.0,6577.0,5989.0,5857.0,6009.0,6080.0,6208.0,6109.0,6258.0,6388.0,6188.0,6285.0
45.0,Oklahoma,28,3114.0,3144.0,3078.0,3118.0,3160.0,3104.0,3226.0,3278.0,3341.0,3318.0,2981.0,2977.0,2827.0,2927.0,2779.0,2817.0,2927.0,2956.0,2956.0,2841.0,3201.0,3337.0,3172.0,2790.0,2621.0,2932.0,3066.0,3097.0,2738.0,2442.0,2264.0,2302.0,2516.0,2679.0,2821.0,2742.0,2667.0,2598.0,2576.0,2673.0,2642.0,2717.0,2612.0,2711.0,2951.0,3145.0,3333.0,3382.0,3304.0,3241.0,3155.0,3298.0,3353.0,3292.0,3141.0,3061.0,3206.0,3530.0,3743.0,3719.0,3526.0,3586.0,3585.0,3717.0,3709.0,3779.0,3773.0,3584.0,3439.0,3270.0,3245.0,3209.0,3172.0,3099.0,3121.0,3235.0,3347.0,3321.0,3224.0,3289.0,3367.0,3822.0,3844.0,3955.0,3726.0,3749.0,3663.0,3583.0,3555.0,3439.0,3192.0,2829.0,2573.0,2514.0,3123.0,3829.0,4301.0,4088.0,3923.0,3828.0,3828.0,3917.0,3969.0,4033.0,4052.0,4141.0,4263.0,4256.0,4363.0,4319.0,4426.0,4412.0,4379.0,4425.0,4362.0,4429.0,4567.0,4900.0,
11.0,Connecticut,29,3033.0,2887.0,2661.0,2560.0,2496.0,2374.0,2277.0,2235.0,2193.0,2024.0,1908.0,1970.0,2059.0,2040.0,1915.0,1973.0,2146.0,2294.0,2353.0,2420.0,2786.0,2816.0,2794.0,2642.0,2816.0,2898.0,2799.0,2832.0,2526.0,2258.0,1850.0,1720.0,1787.0,1811.0,2125.0,2282.0,2406.0,2265.0,2115.0,2105.0,2009.0,1857.0,1677.0,1694.0,1676.0,1641.0,1595.0,1756.0,1979.0,1972.0,1940.0,1896.0,2098.0,2184.0,1990.0,1983.0,2057.0,2311.0,2539.0,2500.0,2539.0,2518.0,2647.0,2663.0,2657.0,2638.0,2645.0,2574.0,2599.0,2589.0,2703.0,2800.0,2824.0,2704.0,2486.0,2524.0,2594.0,2640.0,2647.0,2686.0,2784.0,2828.0,2895.0,3191.0,3280.0,3246.0,2966.0,3028.0,3151.0,3243.0,3266.0,3001.0,2974.0,2906.0,3244.0,3446.0,3538.0,3434.0,3324.0,3295.0,2951.0,3008.0,2926.0,3251.0,3037.0,3077.0,3459.0,3963.0,4079.0,3752.0,3538.0,3562.0,3502.0,3429.0,3275.0,3349.0,3360.0,3269.0,
19.0,Iowa,30,2992.0,2799.0,2505.0,2406.0,2403.0,2409.0,2498.0,2515.0,2392.0,2272.0,2146.0,2286.0,2347.0,2349.0,2185.0,2165.0,2242.0,2302.0,2353.0,2434.0,2730.0,2626.0,2532.0,2355.0,2539.0,2692.0,2720.0,2698.0,2283.0,1978.0,1711.0,1804.0,1937.0,2037.0,2221.0,2341.0,2398.0,2321.0,2194.0,2103.0,2020.0,2124.0,2213.0,2328.0,2383.0,2377.0,2619.0,2862.0,3017.0,2908.0,2751.0,2691.0,2638.0,2596.0,2535.0,2698.0,2801.0,2922.0,3105.0,3258.0,3327.0,3117.0,2989.0,2939.0,3097.0,3179.0,3268.0,3248.0,3298.0,3356.0,3480.0,3494.0,3436.0,3305.0,3222.0,3312.0,3277.0,3180.0,3091.0,3061.0,3093.0,3194.0,3331.0,3621.0,3732.0,3719.0,3527.0,3506.0,3544.0,3578.0,3532.0,3480.0,3378.0,3181.0,3291.0,3614.0,3805.0,3636.0,3414.0,3456.0,3463.0,3488.0,3417.0,3411.0,3419.0,3350.0,3673.0,3897.0,4158.0,3965.0,3770.0,3629.0,3502.0,3461.0,3474.0,3400.0,3543.0,3476.0,
34.0,Mississippi,31,1214.0,1158.0,1114.0,1074.0,1026.0,981.0,952.0,949.0,933.0,996.0,983.0,1008.0,1040.0,1089.0,1124.0,1172.0,1222.0,1269.0,1292.0,1355.0,1521.0,1597.0,1534.0,1390.0,1293.0,1368.0,1456.0,1472.0,1343.0,1165.0,1066.0,1081.0,1208.0,1314.0,1400.0,1355.0,1342.0,1319.0,1365.0,1352.0,1297.0,1288.0,1313.0,1376.0,1423.0,1398.0,1416.0,1307.0,1300.0,1244.0,1340.0,1365.0,1364.0,1290.0,1220.0,1283.0,1372.0,1438.0,1517.0,1484.0,1449.0,1323.0,1332.0,1342.0,1383.0,1440.0,1513.0,1558.0,1532.0,1537.0,1554.0,1588.0,1577.0,1571.0,1558.0,1575.0,1572.0,1561.0,1555.0,1500.0,1407.0,1377.0,1379.0,1355.0,1401.0,1439.0,1572.0,1650.0,1726.0,1706.0,1649.0,1640.0,1667.0,1643.0,1678.0,1661.0,1706.0,1650.0,1631.0,1596.0,1552.0,1600.0,1559.0,1564.0,1594.0,1694.0,1744.0,1695.0,1720.0,1668.0,1773.0,1771.0,1743.0,1613.0,1454.0,1416.0,1312.0,1215.0,
6.0,Arkansas,32,2854.0,2772.0,2576.0,2510.0,2469.0,2468.0,2444.0,2438.0,2328.0,2243.0,2136.0,2249.0,2271.0,2324.0,2176.0,2233.0,2225.0,2283.0,2331.0,2446.0,2731.0,2751.0,2548.0,2271.0,2202.0,2405.0,2468.0,2519.0,2259.0,2152.0,2024.0,2135.0,2244.0,2300.0,2345.0,2233.0,2221.0,2154.0,2092.0,2032.0,1973.0,2060.0,2076.0,2099.0,2148.0,2133.0,2166.0,2139.0,2105.0,2032.0,1945.0,1966.0,1998.0,2040.0,1947.0,2012.0,2078.0,2145.0,2234.0,2215.0,2260.0,2145.0,2117.0,2082.0,2135.0,2204.0,2235.0,2234.0,2186.0,2206.0,2225.0,2224.0,2211.0,2189.0,2158.0,2181.0,2190.0,2105.0,2132.0,2117.0,2198.0,2151.0,2079.0,2052.0,2064.0,2051.0,2080.0,2125.0,2213.0,2211.0,2267.0,2296.0,2323.0,2371.0,2480.0,2744.0,2801.0,2863.0,2826.0,2856.0,2730.0,2759.0,2637.0,2661.0,2722.0,2827.0,3020.0,2966.0,3062.0,2947.0,2955.0,3005.0,3038.0,3097.0,3105.0,3231.0,3375.0,3299.0,
23.0,Kansas,33,2232.0,2127.0,1911.0,1698.0,1583.0,1609.0,1739.0,1758.0,1686.0,1602.0,1597.0,1686.0,1767.0,1756.0,1671.0,1708.0,1824.0,1921.0,1929.0,1947.0,2156.0,2181.0,2045.0,1830.0,1850.0,1984.0,2031.0,1958.0,1687.0,1443.0,1299.0,1302.0,1436.0,1493.0,1639.0,1612.0,1597.0,1539.0,1489.0,1474.0,1445.0,1487.0,1513.0,1498.0,1500.0,1584.0,1744.0,1891.0,1850.0,1782.0,1682.0,1661.0,1680.0,1705.0,1627.0,1599.0,1694.0,1825.0,1999.0,1995.0,2032.0,1904.0,1901.0,1906.0,1991.0,2024.0,2066.0,2071.0,2047.0,2094.0,2187.0,2221.0,2152.0,2062.0,2054.0,2127.0,2187.0,2161.0,2113.0,2071.0,2121.0,2207.0,2226.0,2300.0,2298.0,2358.0,2303.0,2399.0,2421.0,2411.0,2401.0,2431.0,2458.0,2451.0,2545.0,2775.0,2902.0,2871.0,2761.0,2757.0,2726.0,2795.0,2741.0,2746.0,2822.0,2751.0,2941.0,2874.0,3032.0,2874.0,2930.0,2848.0,2919.0,2863.0,2916.0,2876.0,3008.0,2784.0,
55.0,Utah,34,3721.0,3482.0,3201.0,3037.0,2950.0,2866.0,3009.0,2977.0,2924.0,2819.0,2776.0,2837.0,2808.0,2754.0,2667.0,2742.0,2949.0,3011.0,3068.0,3166.0,3444.0,3591.0,3432.0,3289.0,3254.0,3408.0,3387.0,3096.0,2722.0,2471.0,2488.0,2584.0,2713.0,2809.0,3002.0,3073.0,3146.0,2985.0,2904.0,2750.0,2676.0,2723.0,2790.0,2885.0,2940.0,3146.0,3285.0,3396.0,3286.0,3222.0,3159.0,2881.0,2537.0,2409.0,2440.0,2817.0,3096.0,3504.0,3681.0,3604.0,3463.0,3372.0,3452.0,3455.0,3530.0,3500.0,3516.0,3368.0,3237.0,3286.0,3408.0,3529.0,3430.0,3326.0,3248.0,3265.0,3270.0,3260.0,3278.0,3390.0,3396.0,3524.0,3384.0,3329.0,3274.0,3329.0,3265.0,3318.0,3308.0,3482.0,3433.0,3328.0,3093.0,2959.0,3263.0,3697.0,3971.0,3850.0,3790.0,3929.0,3865.0,3797.0,3731.0,3989.0,4208.0,4196.0,4484.0,4606.0,4943.0,4718.0,4734.0,4672.0,4811.0,5042.0,5145.0,5454.0,5652.0,,
42.0,Nevada,35,3063.0,3057.0,3212.0,3254.0,3542.0,3639.0,3976.0,4116.0,4202.0,4215.0,4311.0,4494.0,4719.0,4718.0,4769.0,4811.0,5106.0,5167.0,5335.0,5347.0,5702.0,5793.0,5732.0,5259.0,4974.0,4609.0,4442.0,4185.0,4172.0,4253.0,4396.0,4410.0,4778.0,4978.0,5261.0,5176.0,5264.0,5004.0,4854.0,4561.0,4741.0,5073.0,5224.0,5258.0,5364.0,5453.0,5691.0,5700.0,5731.0,5345.0,4915.0,4772.0,4679.0,4590.0,4258.0,4286.0,4502.0,4595.0,4738.0,4689.0,4737.0,4617.0,4533.0,4336.0,4441.0,4368.0,4589.0,4495.0,4538.0,4448.0,4447.0,4329.0,4379.0,4288.0,4325.0,4307.0,4278.0,4293.0,4387.0,4469.0,4526.0,4496.0,4450.0,4457.0,4496.0,4550.0,4503.0,4570.0,4857.0,4909.0,4780.0,4476.0,4492.0,4657.0,4817.0,4898.0,4924.0,4913.0,4991.0,5085.0,5098.0,5145.0,5137.0,5147.0,5531.0,5554.0,5754.0,5260.0,5403.0,5146.0,5477.0,5462.0,5863.0,5996.0,6107.0,6013.0,5958.0,5680.0,5998.0
41.0,New Mexico,36,1526.0,1529.0,1459.0,1455.0,1405.0,1379.0,1358.0,1337.0,1296.0,1238.0,1168.0,1159.0,1169.0,1209.0,1175.0,1207.0,1260.0,1313.0,1350.0,1386.0,1538.0,1557.0,1493.0,1366.0,1379.0,1479.0,1533.0,1554.0,1426.0,1344.0,1270.0,1276.0,1400.0,1426.0,1486.0,1367.0,1331.0,1265.0,1228.0,1196.0,1143.0,1140.0,1121.0,1141.0,1226.0,1271.0,1351.0,1363.0,1423.0,1440.0,1464.0,1435.0,1367.0,1342.0,1280.0,1354.0,1420.0,1563.0,1644.0,1622.0,1575.0,1536.0,1556.0,1571.0,1608.0,1614.0,1607.0,1595.0,1608.0,1632.0,1678.0,1697.0,1760.0,1727.0,1708.0,1655.0,1578.0,1569.0,1587.0,1688.0,1695.0,1675.0,1609.0,1552.0,1573.0,1647.0,1712.0,1735.0,1770.0,1796.0,1839.0,1813.0,1809.0,1826.0,1830.0,1860.0,1825.0,1868.0,1859.0,1928.0,1896.0,1931.0,1908.0,1856.0,1929.0,1973.0,2091.0,2023.0,2070.0,2032.0,2178.0,2246.0,2272.0,2230.0,2130.0,2179.0,2264.0,2280.0,
61.0,West Virginia,37,920.0,930.0,950.0,909.0,914.0,880.0,909.0,927.0,914.0,856.0,803.0,787.0,814.0,814.0,837.0,809.0,852.0,873.0,934.0,965.0,1038.0,1079.0,1018.0,945.0,947.0,1028.0,1083.0,1077.0,1014.0,1003.0,1012.0,1060.0,1089.0,1087.0,1131.0,1122.0,1108.0,1074.0,1030.0,986.0,841.0,754.0,663.0,662.0,665.0,704.0,734.0,754.0,755.0,739.0,735.0,689.0,710.0,725.0,768.0,792.0,848.0,908.0,969.0,965.0,943.0,922.0,926.0,910.0,912.0,945.0,1021.0,1075.0,1072.0,1097.0,1098.0,1076.0,1013.0,980.0,960.0,941.0,911.0,922.0,857.0,751.0,645.0,601.0,586.0,606.0,654.0,676.0,654.0,665.0,723.0,761.0,771.0,798.0,825.0,830.0,816.0,856.0,854.0,831.0,815.0,848.0,795.0,709.0,646.0,661.0,706.0,714.0,731.0,683.0,661.0,615.0,648.0,677.0,695.0,692.0,687.0,728.0,746.0,773.0,
38.0,Nebraska,38,1302.0,1282.0,1174.0,1145.0,1087.0,1041.0,1071.0,1096.0,1055.0,1005.0,971.0,1103.0,1127.0,1155.0,1181.0,1383.0,1579.0,1636.0,1654.0,1727.0,1912.0,1824.0,1617.0,1481.0,1592.0,1761.0,1526.0,1522.0,1233.0,1231.0,1023.0,1093.0,1188.0,1241.0,1367.0,1453.0,1476.0,1406.0,1322.0,1313.0,1291.0,1302.0,1296.0,1300.0,1383.0,1387.0,1525.0,1601.0,1661.0,1582.0,1480.0,1452.0,1443.0,1402.0,1370.0,1391.0,1421.0,1497.0,1572.0,1630.0,1619.0,1564.0,1522.0,1534.0,1588.0,1650.0,1652.0,1637.0,1634.0,1650.0,1715.0,1814.0,1808.0,1745.0,1603.0,1637.0,1651.0,1675.0,1680.0,1673.0,1681.0,1691.0,1752.0,1829.0,1868.0,1900.0,1919.0,1973.0,1986.0,1942.0,1918.0,1924.0,1968.0,1989.0,2065.0,2211.0,2217.0,2131.0,2005.0,2052.0,1970.0,2001.0,1968.0,2023.0,2154.0,2162.0,2387.0,2350.0,2409.0,2198.0,2144.0,2119.0,2120.0,2029.0,1966.0,1982.0,2074.0,2055.0,
20.0,Idaho,39,1423.0,1279.0,1160.0,1119.0,1084.0,1075.0,1088.0,1089.0,1037.0,985.0,1063.0,1156.0,1201.0,1152.0,1096.0,1126.0,1175.0,1230.0,1279.0,1373.0,1604.0,1618.0,1610.0,1474.0,1545.0,1556.0,1515.0,1398.0,1194.0,1129.0,1143.0,1260.0,1372.0,1496.0,1589.0,1598.0,1560.0,1478.0,1373.0,1250.0,1179.0,1191.0,1167.0,1237.0,1295.0,1404.0,1505.0,1565.0,1556.0,1437.0,1281.0,1232.0,1201.0,1261.0,1199.0,1291.0,1398.0,1558.0,1622.0,1615.0,1591.0,1539.0,1541.0,1549.0,1611.0,1627.0,1624.0,1564.0,1552.0,1557.0,1677.0,1751.0,1785.0,1734.0,1695.0,1732.0,1766.0,1740.0,1758.0,1783.0,1846.0,1860.0,1893.0,1929.0,1983.0,2012.0,2011.0,2042.0,2050.0,2072.0,2117.0,2150.0,2145.0,2199.0,2216.0,2274.0,2211.0,2195.0,2218.0,2325.0,2335.0,2409.0,2366.0,2425.0,2549.0,2655.0,2676.0,2435.0,2340.0,2269.0,2398.0,2494.0,2548.0,2655.0,2712.0,2870.0,2939.0,2907.0,
18.0,Hawaii,40,1338.0,1316.0,1253.0,1183.0,1077.0,995.0,955.0,926.0,836.0,796.0,731.0,791.0,778.0,792.0,758.0,799.0,939.0,999.0,1035.0,1019.0,1066.0,1085.0,1062.0,1045.0,1062.0,1111.0,1112.0,1150.0,1075.0,1058.0,1009.0,1013.0,989.0,1022.0,1056.0,1174.0,1179.0,1177.0,1098.0,1088.0,1072.0,1104.0,1115.0,1105.0,1235.0,1200.0,1233.0,1152.0,1161.0,1150.0,1084.0,1042.0,1017.0,1050.0,1071.0,1142.0,1145.0,1240.0,1239.0,1259.0,1211.0,1272.0,1275.0,1299.0,1271.0,1349.0,1364.0,1365.0,1296.0,1293.0,1337.0,1366.0,1354.0,1336.0,1356.0,1350.0,1346.0,1325.0,1350.0,1404.0,1327.0,1348.0,1347.0,1458.0,1462.0,1436.0,1420.0,1465.0,1500.0,1502.0,1486.0,1453.0,1385.0,1348.0,1365.0,1581.0,1632.0,1624.0,1488.0,1468.0,1432.0,1476.0,1478.0,1452.0,1470.0,1538.0,1937.0,1869.0,1795.0,1434.0,1462.0,1473.0,1452.0,1462.0,1448.0,1536.0,1549.0,1529.0,1572.0
35.0,Montana,41,823.0,771.0,666.0,628.0,608.0,606.0,583.0,574.0,517.0,485.0,480.0,575.0,624.0,609.0,542.0,545.0,589.0,599.0,610.0,631.0,724.0,724.0,717.0,689.0,731.0,765.0,748.0,688.0,589.0,517.0,497.0,522.0,582.0,620.0,665.0,691.0,699.0,663.0,579.0,540.0,503.0,539.0,552.0,586.0,611.0,622.0,684.0,751.0,789.0,752.0,676.0,646.0,635.0,614.0,607.0,635.0,722.0,737.0,804.0,843.0,882.0,820.0,760.0,740.0,760.0,744.0,729.0,712.0,725.0,723.0,699.0,733.0,738.0,756.0,706.0,731.0,758.0,773.0,771.0,763.0,749.0,774.0,807.0,859.0,869.0,876.0,853.0,860.0,885.0,885.0,892.0,883.0,908.0,920.0,969.0,1e3,991.0,947.0,914.0,934.0,890.0,913.0,904.0,929.0,1001.0,970.0,1039.0,995.0,1067.0,992.0,962.0,974.0,984.0,1033.0,1007.0,1035.0,1015.0,967.0,
13.0,Delaware,42,751.0,748.0,740.0,681.0,634.0,590.0,602.0,586.0,585.0,560.0,536.0,534.0,547.0,565.0,556.0,539.0,584.0,582.0,604.0,578.0,682.0,685.0,655.0,553.0,557.0,598.0,647.0,702.0,663.0,574.0,462.0,428.0,502.0,515.0,583.0,566.0,599.0,582.0,566.0,518.0,497.0,473.0,485.0,494.0,661.0,808.0,964.0,1016.0,1075.0,1070.0,1040.0,971.0,943.0,918.0,877.0,867.0,923.0,989.0,1044.0,1019.0,1016.0,1024.0,1020.0,991.0,982.0,974.0,984.0,964.0,994.0,1015.0,1057.0,1046.0,1075.0,1056.0,1035.0,983.0,973.0,947.0,935.0,930.0,857.0,787.0,648.0,672.0,701.0,710.0,647.0,704.0,857.0,965.0,991.0,1004.0,946.0,980.0,991.0,1182.0,1193.0,1197.0,1130.0,1155.0,1113.0,1131.0,1110.0,1152.0,1226.0,1282.0,1386.0,1414.0,1506.0,1428.0,1464.0,1395.0,1433.0,1367.0,1339.0,1296.0,1331.0,1270.0,
3.0,Alaska,43,,,,,,,,,,,,,,,,,,,,,,,,,,,,,,,,,,,,,,,,,,,,,,,,,,,,,,,,,,,,,,,,,,,,,,,,,,,,,,,,,,,,,,,,,,,488.0,484.0,464.0,487.0,536.0,599.0,594.0,545.0,533.0,546.0,570.0,579.0,558.0,546.0,552.0,546.0,615.0,596.0,587.0,511.0,517.0,544.0,544.0,547.0,540.0,555.0,540.0,506.0,525.0
37.0,North Dakota,44,563.0,576.0,550.0,526.0,536.0,541.0,514.0,494.0,448.0,404.0,391.0,445.0,522.0,527.0,485.0,442.0,439.0,486.0,605.0,647.0,654.0,529.0,483.0,458.0,545.0,593.0,633.0,648.0,603.0,548.0,469.0,487.0,508.0,497.0,543.0,533.0,583.0,533.0,480.0,432.0,420.0,481.0,503.0,511.0,498.0,484.0,575.0,694.0,779.0,742.0,665.0,625.0,597.0,597.0,562.0,569.0,557.0,563.0,625.0,668.0,706.0,657.0,624.0,604.0,624.0,644.0,653.0,638.0,633.0,604.0,636.0,661.0,723.0,675.0,662.0,660.0,693.0,688.0,655.0,642.0,634.0,576.0,589.0,552.0,684.0,674.0,686.0,575.0,545.0,547.0,621.0,668.0,673.0,665.0,701.0,760.0,767.0,736.0,702.0,690.0,683.0,679.0,672.0,671.0,666.0,664.0,680.0,676.0,731.0,691.0,738.0,746.0,755.0,736.0,676.0,658.0,630.0,593.0,
58.0,Vermont,45,429.0,395.0,332.0,290.0,252.0,251.0,278.0,304.0,307.0,277.0,262.0,252.0,269.0,268.0,263.0,272.0,289.0,311.0,324.0,333.0,357.0,360.0,371.0,388.0,398.0,411.0,396.0,460.0,439.0,447.0,416.0,467.0,512.0,514.0,554.0,580.0,598.0,573.0,550.0,546.0,540.0,524.0,487.0,437.0,407.0,438.0,522.0,604.0,627.0,628.0,635.0,650.0,648.0,618.0,594.0,629.0,636.0,677.0,678.0,752.0,722.0,713.0,665.0,693.0,694.0,711.0,725.0,725.0,712.0,701.0,719.0,775.0,773.0,752.0,687.0,695.0,713.0,716.0,732.0,737.0,725.0,728.0,696.0,752.0,766.0,812.0,773.0,774.0,775.0,804.0,786.0,765.0,755.0,760.0,813.0,952.0,970.0,903.0,777.0,771.0,780.0,776.0,754.0,764.0,762.0,761.0,817.0,870.0,917.0,843.0,814.0,807.0,851.0,843.0,823.0,840.0,864.0,860.0,
12.0,District of Columbia,46,485.0,425.0,400.0,391.0,407.0,433.0,445.0,429.0,395.0,359.0,358.0,349.0,365.0,366.0,376.0,404.0,435.0,491.0,542.0,544.0,567.0,562.0,595.0,536.0,541.0,530.0,517.0,500.0,459.0,543.0,544.0,577.0,547.0,506.0,523.0,513.0,551.0,514.0,489.0,446.0,423.0,427.0,453.0,430.0,406.0,382.0,421.0,435.0,447.0,432.0,442.0,451.0,474.0,504.0,504.0,496.0,498.0,495.0,571.0,593.0,629.0,605.0,593.0,616.0,634.0,664.0,652.0,644.0,645.0,645.0,678.0,688.0,721.0,683.0,673.0,685.0,733.0,735.0,730.0,738.0,755.0,761.0,730.0,732.0,735.0,768.0,770.0,746.0,744.0,727.0,742.0,733.0,752.0,776.0,782.0,804.0,794.0,816.0,823.0,843.0,809.0,808.0,825.0,805.0,790.0,704.0,755.0,714.0,781.0,738.0,781.0,733.0,731.0,732.0,748.0,770.0,785.0,789.0,801.0
62.0,Wyoming,47,389.0,371.0,345.0,360.0,369.0,377.0,365.0,342.0,306.0,278.0,293.0,295.0,311.0,279.0,289.0,306.0,350.0,353.0,361.0,348.0,379.0,367.0,362.0,329.0,337.0,336.0,345.0,327.0,289.0,258.0,241.0,265.0,284.0,310.0,344.0,329.0,310.0,282.0,295.0,311.0,307.0,313.0,296.0,310.0,313.0,311.0,321.0,326.0,345.0,315.0,314.0,315.0,328.0,325.0,282.0,274.0,272.0,316.0,335.0,339.0,336.0,324.0,328.0,328.0,338.0,348.0,351.0,346.0,347.0,347.0,381.0,370.0,366.0,345.0,351.0,354.0,350.0,341.0,342.0,340.0,341.0,341.0,361.0,372.0,394.0,381.0,374.0,369.0,376.0,384.0,388.0,381.0,379.0,375.0,393.0,410.0,401.0,387.0,373.0,389.0,392.0,399.0,392.0,410.0,417.0,428.0,467.0,469.0,476.0,420.0,435.0,467.0,487.0,502.0,477.0,498.0,506.0,543.0,
