"RegionID","RegionName","SizeRank","2010-09","2010-10","2010-11","2010-12","2011-01","2011-02","2011-03","2011-04","2011-05","2011-06","2011-07","2011-08","2011-09","2011-10","2011-11","2011-12","2012-01","2012-02","2012-03","2012-04","2012-05","2012-06","2012-07","2012-08","2012-09","2012-10","2012-11","2012-12","2013-01","2013-02","2013-03","2013-04","2013-05","2013-06","2013-07","2013-08","2013-09","2013-10","2013-11","2013-12","2014-01","2014-02","2014-03","2014-04","2014-05","2014-06","2014-07","2014-08","2014-09","2014-10","2014-11","2014-12","2015-01","2015-02","2015-03","2015-04","2015-05","2015-06","2015-07","2015-08","2015-09","2015-10","2015-11","2015-12","2016-01","2016-02","2016-03","2016-04","2016-05","2016-06","2016-07","2016-08","2016-09","2016-10","2016-11","2016-12","2017-01","2017-02","2017-03","2017-04","2017-05","2017-06","2017-07","2017-08","2017-09","2017-10","2017-11","2017-12","2018-01"
9,"California",1,5.06329113924051,4.91355777979981,4.99942667125329,5.17241379310345,5.01792114695341,5,4.93827160493827,4.70588235294118,4.61538461538461,4.5662100456621,4.53074433656958,4.44444444444444,4.42477876106194,4.44543231829295,4.57157142857143,4.77326968973747,4.54545454545454,4.40223607417413,4.36681222707423,4.44444444444444,4.34971726837755,4.35729847494554,4.25599830964616,4.13793103448276,4.16255788909439,4.16666666666666,4.11015207562679,4.4543429844098,4.26457789382071,4.20118343195266,4.1999041998084,4.08163265306123,4.11522633744856,3.92356377799415,3.75351929123411,3.46020761245674,3.44827586206896,3.4494653328734,3.36239495798319,3.47490347490348,3.34807327858496,3.24675324675324,3.20246182302619,3.17755705271351,3.15151515151515,3.12695434646654,3.10679611650485,3.01854770275185,3.04761904761904,3.07739652254193,3.06264501160093,3.18906605922551,3.16766263092475,3.07042230341332,3.05057284251915,3.14285714285715,3.08747855917667,3.12487890609864,3.04709141274239,2.98507462686567,2.97058823529411,3.03726391015824,3.03951367781155,3.13479623824452,3.09278350515464,2.98320771554626,3.04242424242425,2.97330097087378,3.03030303030303,2.94340506968795,2.90275761973875,2.81749666820154,2.86668745267472,2.888889111797,2.86975717439294,2.80335258487111,2.85714285714286,2.85714285714286,2.8002646892052,2.77816363383804,2.84403669724771,2.78551532033426,2.77854959711031,2.7063599458728,2.7027027027027,2.66702226963595,2.5980774227072,2.58620689655172,2.71002710027101
54,"Texas",2,4.0016006402561,3.92458639809043,3.84911470361817,4.08673894912427,4.0016006402561,4.0016006402561,3.84615384615384,3.6697247706422,3.51351351351351,3.50175087543771,3.45065562456867,3.57270453733476,3.63636363636364,3.70644922164566,3.73453658325957,4.04678078588483,3.84985563041386,3.70644922164566,3.47222222222222,3.40063765129285,3.33555703802535,3.29032258064517,3.29033692393753,3.33611342785655,3.37587688402062,3.40909090909091,3.57142857142857,3.63636363636364,3.63768643142961,3.33333333333333,3.24396204715354,3.16748004074767,3.23101777059773,3.125,3.12695434646654,3.13479623824452,3.125,3.18281382098849,3.22788896061975,3.38115256097442,3.3457249070632,3.21989983964899,3.10197751066305,3.07692307692308,3.030670384289,3.02758198854573,3.03030303030303,3.02675585284281,3.07692307692308,3.09090909090909,3.05570190844163,3.24324324324324,3.22684737011939,3.14285714285715,3.07662485115339,3.06725376623718,3.00198853096473,2.99993572851726,2.95145631067961,2.98507462686567,3.05970149253731,3.02829480270609,2.97297297297298,3.06441525953721,3.0519396827878,3.04863966653524,3.01104048176648,2.87945339189849,2.88153681963714,2.84167794316644,2.77854959711031,2.83018867924528,2.82685512367491,2.85449343407266,2.77932184546971,2.85714285714286,2.85714285714286,2.78239965275653,2.76704869795274,2.66963292547274,2.6595744680851,2.63157894736842,2.5902730071241,2.59773996622938,2.5609756097561,2.62277884545107,2.54039237302224,2.59237612832002,2.65533722782794
43,"New York",3,4.51940927808355,4.36681222707423,4.34782608695652,4.72377902321858,4.51832907075874,4.36681222707423,4.17014178482068,4.03526753060133,4.00801603206413,4.11522633744856,4.17014178482068,4.14878397711016,4.31137724550898,4.25531914893616,4.27807486631016,4.5475216007276,4.28261964735517,4.26439232409381,4.06068142693402,4.00471142520612,4.01069518716578,4.04040404040404,4.05379473998578,4.04040404040404,4.07999999999999,4.06905784623536,4.13868229284051,4.4543429844098,4.15335463258786,4.00320256204964,4.00216333153056,3.89972144846796,3.91061452513967,3.90698822367957,4.00320256204964,4.0016006402561,4.01606425702812,4.00320256204964,4.00320256204964,4.26590506781629,4.07052113041224,4.13745866792631,3.85542168674698,3.81526104417671,3.84911470361817,3.85356454720617,3.86249517188103,4.0016006402561,4,4.0133779264214,4.00320256204964,4.32098765432098,4.00801603206413,4.13793103448276,3.89972144846796,3.84763370527126,3.93540410394343,3.86100386100386,3.92317854283427,4,4.05225302061123,4.0371417036738,4.11290104433161,4.5459711330833,4.24657534246575,4.12007062978222,4.00320256204964,3.92927308447937,3.86100386100386,3.9156858219863,4.0016006402561,4.0159553411912,4.06775067750678,4.17014178482068,4.08997955010225,4.45118251196612,4.2571306939123,4.16736122687115,4.08163265306123,4.00320256204964,4.00320256204964,4.0016006402561,4.00320256204964,4.01606425702812,4.01606425702812,4.00016,4.11522633744856,4.32801822323462,4.17014178482068
14,"Florida",4,6.25390869293309,5.78947368421052,5.66666666666666,5.88928150765606,5.88581518540318,5.71428571428572,5.60448358686949,5.50361311839911,5.45454545454546,5.4550930076199,5.40540540540541,5.26315789473685,5.29100529100529,5.23809523809524,5.23882896764253,5.26592943654555,5.03238817770667,4.99968333227777,5,4.8602673147023,4.85714285714286,4.76303881876637,4.5662100456621,4.58283611774065,4.53704258079231,4.5431947302393,4.54545454545454,4.86725663716814,4.76190476190477,4.54355981659025,4.28693912546442,4.36241610738255,4.30004375891788,4.21496311907271,4.33482810164425,4.22337587593333,4.21494252873563,4.16840350145894,4.41010163537269,4.84652665589661,4.48888888888889,4.20541097128664,4.0016006402561,3.89695195855225,3.84763370527126,3.76041743093529,3.76772624160606,3.70644922164566,3.64583333333334,3.76069255137013,3.68735466959794,4.00801603206413,3.77777777777778,3.59989714579584,3.49648476807747,3.44827586206896,3.36700336700336,3.33333333333333,3.33444481493831,3.25271059216014,3.22684737011939,3.22684737011939,3.23624595469255,3.43053173241853,3.2258064516129,3.16573556797021,3.0778701138812,3.03122158229766,2.91309273345202,2.94204177699323,2.80898876404494,2.85266457680251,2.81574258314194,2.86445012787724,2.87945339189849,2.94117647058824,2.89017341040463,2.85795941697627,2.77906438165818,2.71351351351351,2.67277586865216,2.63296471827278,2.63852242744064,2.60162601626016,2.65549393111668,2.64650283553876,2.5706940874036,2.66666666666666,2.65840620883822
21,"Illinois",5,4.65117360740563,4.54959053685169,4.62249614791987,5.05050505050505,5.13058625862589,4.91608376464474,4.76341695776437,4.36776609606224,4.16666666666666,4.18410041841004,4.25622472866567,4.36681222707423,4.34971726837755,4.46001956700889,4.79616306954437,5.00250125062531,4.80961923847696,4.46842467813449,4.25835953129465,4.18410041841004,4.16840350145894,4.16666666666666,4.22773393461104,4.28731465263539,4.27807486631016,4.35406698564593,4.49438202247191,5.0125313283208,4.86772486772487,4.60829493087558,4.41314897980375,4.25324675324675,4.16,4.00641025641025,4.0016006402561,4.00320256204964,4.00801603206413,4.05756674738682,4.3739761571666,5.26315789473685,4.82758620689655,4.65332712889717,4.07407407407407,3.70370370370371,3.55660332428442,3.45065562456867,3.57193884840692,3.58431478162992,3.70370370370371,3.82278481012658,4.01606425702812,4.71698113207547,4.23606466452423,4.00093355560949,3.57270453733476,3.33889816360601,3.25396825396825,3.26340326340326,3.33444481493831,3.33444481493831,3.39097999321804,3.38713343941804,3.48612007746933,4.00320256204964,3.57142857142857,3.33889816360601,3.36134453781513,3.12695434646654,3.08534073424843,3.08747855917667,3.10880829015544,3.16205533596838,3.14285714285715,3.2,3.26884589726484,3.63768643142961,3.28125,3.03122158229766,3.02914840922081,2.94290759270159,2.98507462686567,2.94985250737463,2.93356341673857,3.03214069132808,3,2.9607843137255,2.98507462686567,3.22788896061975,3.10679611650485
47,"Pennsylvania",6,4.35161009573543,4.2350450242685,4.17014178482068,4.62962962962963,4.41176470588235,4.36521739130434,4.15704387990762,4.0016006402561,3.96333396333397,4,4.1095890410959,4.16840350145894,4.16840350145894,4.2132817994887,4.44642063139173,4.76644423260247,4.44444444444444,4.14078674948241,4.00266844563042,3.92156862745098,3.88349514563107,4.000032000256,4.00320256204964,4.0972329074517,4.02955003357959,4.09272581934452,4.08673894912427,4.58657161222462,4.35161009573543,4.11522633744856,4,3.85109114249037,3.84911470361817,3.84911470361817,4,4.03846153846153,4.0016006402561,4.0016006402561,4.15704387990762,4.76190476190477,4.39130434782609,4.26212161465607,3.9039039039039,3.7699271486455,3.70644922164566,3.75469336670838,3.84615384615384,3.84911470361817,3.80890897353131,3.84763370527126,3.89972144846796,4.50204638472033,4.16840350145894,4.16666666666666,3.83579757182354,3.57398141529665,3.63636363636364,3.63768643142961,3.75046886721681,3.84615384615384,3.80761523046093,3.76146788990825,3.84615384615384,4.36497042958341,4.02333525678015,3.84911470361817,3.67309833024119,3.61663652802894,3.57155612700454,3.61881785283474,3.66467460874442,3.75,3.62953692115144,3.57822742140245,3.84615384615384,4.00734691419567,3.84911470361817,3.73493975903615,3.50877192982456,3.4494653328734,3.41463414634147,3.4494653328734,3.57142857142857,3.68372588930891,3.5483870967742,3.46020761245674,3.57792601576713,3.92348500843375,3.66449807844741
44,"Ohio",7,5.07936507936508,4.97760079641613,5.00312695434647,5.71839478950385,5.55864369093941,5.62440419447092,5.26329640618204,4.76417341591234,4.48717948717948,4.40195642507781,4.54959053685169,4.55408035229743,4.76190476190477,4.72377902321858,4.95767369434407,5.52763819095478,5.0790409391531,4.76644423260247,4.37472659667542,4.23098913664951,4.15069178196366,4.16,4.21421532760274,4.17014178482068,4.29008552416763,4.38247011952191,4.54959053685169,5.40686672073534,5.29384347277135,5.16787180698376,4.96240601503759,4.38695163104612,4.2016806722689,4.25531914893616,4.18410041841004,4.29184549356223,4.34584499973585,4.52374997157734,4.76190476190477,5.55555555555556,5.12820512820513,4.80769230769231,4.37158469945356,4.07999999999999,3.93595730486991,3.85282233523637,3.91473006156803,3.84911470361817,3.94337714863499,4.1095890410959,4.35161009573543,5,4.54959053685169,4.32345876701361,4.00320256204964,3.84763370527126,3.84615384615384,3.84800384800384,3.84911470361817,3.85109114249037,3.91061452513967,3.91156461839565,4.01406460149778,4.65224470807164,4.24657534246575,4.16666666666666,3.8765700108544,3.77358490566038,3.70644922164566,3.71022712772251,3.63967242948134,3.77777777777778,3.84615384615384,3.94736842105263,4.0016006402561,4.54959053685169,4.1095890410959,3.84911470361817,3.84763370527126,3.70644922164566,3.69230769230769,3.63579539535368,3.61881785283474,3.63768643142961,3.58126721763086,3.63855421686747,3.80737038863497,4.3010752688172,4.0016006402561
30,"Michigan",8,7.19424460431655,7.01877522372346,7.15307582260372,8.09418690213393,8.02631578947368,8.34724540901503,7.70416024653313,7.14796283059328,6.66888925938276,6.25782227784731,6.32506004803843,6.31578947368421,6.66666666666667,6.74157303370787,6.99999999999999,7.95272192445726,7.40740740740741,7.14796283059328,6.26959247648903,6.25,5.90590590590591,5.91715976331361,6.006006006006,6.00240096038416,6.00000000000001,5.88581518540318,6.31578947368421,7.16418165798411,7.14796283059328,6.68896321070234,6.3148033137191,5.88581518540318,5.74712643678161,5.26315789473685,5.26870389884089,5.26592943654555,5.26315789473685,5.36097212294496,5.66251415628539,6.85142417244033,6.66844491864497,6.25260525218842,5.59764946346449,4.91964578550345,4.54545454545454,4.35161009573543,4.41306266548985,4.36974789915966,4.44444444444444,4.38979963570127,4.76417341591234,5.1741979993101,5.00020630532554,4.97636919655269,4.45859872611465,4.19354838709678,4.25531914893616,4.24828767123287,4.25985090521832,4.17014178482068,4.22137363095674,4.28632670558935,4.28571428571428,4.99445061043285,4.54959053685169,4.66666666666666,4.5475216007276,4.17014178482068,4.04040404040404,4.10989870661708,4.04040404040404,4.04040404040404,4.03290853363446,4.00801603206413,4.17014178482068,4.54959053685169,4.21729807005003,4.16666666666666,4.0016006402561,4.00320256204964,3.84911470361817,3.85964912280702,3.87783850826697,3.84615384615384,3.84615384615384,3.82876710660238,3.86100386100386,4.18410041841004,4.04040404040404
16,"Georgia",9,5.96078431372549,5.73065902578796,5.82983409796288,6.35986225260805,6.25260525218842,6.328125,6.11402258896864,5.62440419447092,5.55864369093941,5.5679618156306,5.63834962189891,5.55864369093941,5.66037735849056,5.71755288736421,5.8083258710094,6.25782227784731,5.75539568345324,5.55864369093941,5.26315789473685,5.01732177749008,4.99998225698276,5,4.76391155222147,4.82925146602277,4.76341695776437,4.76514635806671,4.85714285714286,5.26315789473685,5.00250125062531,4.95679854479308,4.76190476190477,4.35643564356436,4.34782608695652,4.18410041841004,4.17014178482068,4.12706021688931,4.16840350145894,4.15644401787589,4.31987862539469,4.96641657734905,4.5662100456621,4.08163265306123,4.000800160032,3.72891889898979,3.66434591425431,3.51724137931034,3.63768643142961,3.50877192982456,3.57280557257136,3.63636363636364,3.75103954352295,4.04,3.84615384615384,3.70277731458322,3.51351351351351,3.47826086956522,3.33555703802535,3.22841000807103,3.22788896061975,3.29749103942653,3.3333703707819,3.33333333333333,3.36933897316943,3.63911332317441,3.44827586206896,3.33444481493831,3.26405590101409,3.10077519379846,3.03030303030303,3.03214069132808,2.97055214723927,3.05033124085056,3.07692307692308,3.16205533596838,3.125,3.22684737011939,3.18906605922551,3.03214069132808,2.85795941697627,2.81081081081082,2.80989978742788,2.77777777777778,2.77777777777778,2.73681715399925,2.8169014084507,2.85714285714286,2.85714285714286,2.84223190987359,2.97370593207697
36,"North Carolina",10,4.76266073979997,4.54325761237313,4.44746552728685,5,4.8,4.49943757030371,4.35161009573543,4.16666666666666,4.00320256204964,4.08329930583912,4.12979351032449,4.16666666666666,4.25531914893616,4.17014178482068,4.34971726837755,4.54545454545454,4.35161009573543,4.16708333333333,3.92310710082385,3.86100386100386,3.8560411311054,3.90625,4.00296515937731,4,3.88461538461539,4,4.16666666666666,4.45205557752535,4.44277108433735,4.1095890410959,4,3.70507595405706,3.66265060240963,3.63478889157246,3.64298724954463,3.70370370370371,3.6092870236288,3.61772719043184,3.84615384615384,4.32345876701361,4,3.77837195484255,3.51000351000351,3.35570469798657,3.29749103942653,3.36549112807396,3.38983050847458,3.33444481493831,3.38233264320221,3.42857142857143,3.48995790026514,3.75763269140441,3.57270453733476,3.50087543771886,3.29920364050057,3.22711260476981,3.22684737011939,3.18339100346021,3.22684737011939,3.14862551234789,3.11197578901859,3.22061306369639,3.12597686777117,3.50925520943963,3.29026018722439,3.33333333333333,3.14465408805031,3.01492537313433,2.98507462686567,3.03030303030303,3.00925925925926,3.03214069132808,3.0441400304414,3.17929880344741,3.10197751066305,3.20718635336697,3.07692307692308,2.92682926829269,2.85771442102671,2.8169014084507,2.82565130260521,2.84751440819919,2.80373831775701,2.82727144990815,2.81081081081082,2.82958013550166,2.71677799321213,2.81175771141408,2.81081081081082
40,"New Jersey",11,4.7619274377497,4.5475216007276,4.62639109697933,5,4.91865870741461,4.83516483516484,4.52560579767358,4.36521739130434,4.21557525290934,4.34971726837755,4.36681222707423,4.44444444444444,4.55882352941176,4.62164682298261,4.72377902321858,5,4.7619274377497,4.5475216007276,4.34971726837755,4.18410041841004,4.20833333333334,4.25622472866567,4.18410041841004,4.28571428571428,4.2209428073866,4.18410041841004,4.51652015762353,4.74768587638101,4.54866461515951,4.18410041841004,4.01603212851406,4.032,3.89972144846796,3.95061728395062,4.0016006402561,4.000800160032,4.01606425702812,4.00320256204964,4.16666666666666,4.54547520670548,4.50358885595383,4.29821323156486,4.01606425702812,3.84763370527126,3.84615384615384,3.8313586705647,3.92156862745098,3.84911470361817,3.86100386100386,3.8942479456949,4.02666666666667,4.57097032878909,4.18410041841004,4.18083616723345,4.0016006402561,3.71747211895911,3.70507595405706,3.6979969183359,3.75939849624061,3.77777777777778,3.84763370527126,3.92156862745098,4.0016006402561,4.70588235294118,4.31738623103851,4.17014178482068,3.8928486008132,3.71340523882897,3.64298724954463,3.70507595405706,3.69942196531792,3.75142291236825,3.84689363339104,3.89834998424535,4.00801603206413,4.61065182829888,4.30228404577317,4.00320256204964,3.85208012326657,3.63855421686747,3.60714285714285,3.58620689655172,3.60129787037438,3.70507595405706,3.65461847389559,3.68630617075543,3.76891139305742,4.35161009573543,4.11071526445601
56,"Virginia",12,4.76303881876637,4.46862816532918,4.65332712889717,5.03472256819466,5,5,4.6875,4.21455938697318,4.000800160032,3.97089422820707,4.06305847880814,4.01606425702812,4.17534794566213,4.1670139467689,4.34877147205914,4.76190476190477,4.28571428571428,4.11099739923198,4.00235432607416,3.86100386100386,3.75049230500978,3.78378378378378,3.84615384615384,3.88349514563107,3.76494117647059,3.84689363339104,4,4.17536534446764,4.16,3.94736842105263,3.84763370527126,3.70370370370371,3.67073170731708,3.52941176470588,3.5483870967742,3.54628865830186,3.42857142857143,3.57270453733476,3.667667624456,4.00667779632721,3.84763370527126,3.81062355658198,3.44456803856136,3.25806451612903,3.07692307692308,2.98507462686567,3.07692307692308,3.06102665515644,3.03122158229766,3,3.05555555555556,3.38227107016504,3.33444481493831,3.22684737011939,3.06728246312239,2.94334069168506,2.83018867924528,2.88571428571428,2.93406593406593,2.91383495145631,2.94550810014728,2.94204177699323,2.96610169491526,3.2369035702369,3.1578947368421,3.12539067383423,2.91970802919708,2.77777777777778,2.79353336795843,2.77289836888331,2.73354758562765,2.79407655769768,2.85714285714286,2.85714285714286,2.85714285714286,3.13479623824452,3.125,2.94204177699323,2.77777777777778,2.66702226963595,2.63227165043433,2.61282660332541,2.59815011483377,2.63227165043433,2.59580041853937,2.57731958762887,2.60065016254063,2.73976355891905,2.80044128330283
59,"Washington",13,4.88721804511278,4.77142857142857,4.83870967741935,5.16287262872629,5,5.00312695434647,4.78571428571428,4.76190476190477,4.65786183182244,4.64547677261614,4.64547677261614,4.56477248818927,4.62776659959758,4.65116279069767,4.85714285714286,5,4.78468899521531,4.76247172282415,4.36681222707423,4.44642063139173,4.27733530549551,4.16634722115741,4.16666666666666,4.18410041841004,4.16840350145894,4.13745866792631,4.25,4.77264895908112,4.44,4.34636684007383,4.23402868318122,4.00153905348211,4,3.84763370527126,3.84615384615384,3.84615384615384,3.84675798446657,3.81329089944685,3.80961923847696,4.54959053685169,4.04729688367449,3.94788794835206,3.56636462302009,3.34448160535117,3.4,3.31456392445346,3.35195530726257,3.33444481493831,3.33398161010832,3.33333333333333,3.49195766313859,3.69393139841688,3.45065562456867,3.33444481493831,3.33388898149691,3.22632682690757,3.20682553692262,3.13953488372093,3.26210234537919,3.17460317460317,3.28887669967378,3.22684737011939,3.17460317460317,3.47222222222222,3.18326512050933,3.26884589726484,3.22788896061975,3.22933872904984,3.1496062992126,3.23886639676113,3.12910695287565,3.15625,3.07692307692308,3.17535923252145,3.22583767282109,3.36134453781513,3.26884589726484,3.07692307692308,3.14690941091092,3.125,3.11418685121108,3.11894493405838,3.125,3.15759394199171,3.02164148632095,2.98507462686567,2.88502610007457,3.05343874570692,2.95428160317087
26,"Massachusetts",14,4.01606425702812,3.77358490566038,3.92208475914715,4.34782608695652,4.21477224350788,4.25270797476986,3.86384745632488,3.71057513914657,3.57398141529665,3.57270453733476,3.66731005439551,3.80915736821854,3.70507595405706,3.64338576318012,3.70425248184916,4.19648136458279,3.89078632735179,3.84911470361817,3.57174750593218,3.52355884209563,3.49711498714647,3.43668339482892,3.52422907488987,3.57270453733476,3.51351351351351,3.45065562456867,3.56454032430888,3.81737037969725,3.57142857142857,3.67892976588629,3.4461739241151,3.33333333333333,3.22927879440258,3.33434374052743,3.33492139113863,3.34075723830735,3.33444481493831,3.23747781605596,3.33555703802535,3.70507595405706,3.45065562456867,3.32044272569676,3.07975460122699,3.03214069132808,3.08166409861325,3.12597686777117,3.14878892733564,3.16957210776545,3.14878892733564,3.03122158229766,3.11249444197421,3.22742601491009,3.2258064516129,3.33444481493831,3.15822721681019,3.12842240015033,3.17644887412329,3.15151515151515,3.22684737011939,3.23275392569518,3.2508127031758,3.16700843016633,3.1075201988813,3.33555703802535,3.33333333333333,3.25470289638699,3.24324324324324,3.23101777059773,3.22788896061975,3.24902464554191,3.22788896061975,3.2441200324412,3.33333333333333,3.22684737011939,3.17561130517625,3.46153846153846,3.37457817772778,3.27085473011526,3.34128878281623,3.20424885763178,3.27439985418521,3.22632682690757,3.2,3.22615334982256,3.19762898654384,3.1947402387867,3.06447779862414,3.33444481493831,3.20463134182495
22,"Indiana",15,4.3010752688172,4.16666666666666,4.11522633744856,5.00250125062531,5.00250125062531,4.76947535771065,4.41640378548895,4.04448938321537,3.73134328358209,3.81532502932599,3.84763370527126,3.80906460945034,3.84615384615384,3.92180179679369,4.01970254584355,4.48095593726662,4.08367346938775,3.73134328358209,3.57398141529665,3.584229390681,3.66088631984586,3.65853658536586,3.61881785283474,3.68098159509203,3.60185558409135,3.70507595405706,3.71747211895911,4.51937104879235,4.47548754802644,4.0016006402561,3.85356454720617,3.77443246075084,3.70370370370371,3.57398141529665,3.45119074375007,3.63768643142961,3.59168241965974,3.58361774744027,3.91254315304949,4.41907582649167,4.35283854069068,3.84763370527126,3.49243306169965,3.4494653328734,3.33555703802535,3.33555703802535,3.3788866520277,3.44852559769201,3.4515489082604,3.4494653328734,3.64992700729927,4.17014178482068,3.84911470361817,3.54988293594994,3.44168260038241,3.37552742616034,3.41389636069139,3.43347639484979,3.39097999321804,3.46206896551724,3.45065562456867,3.3580836582701,3.38709677419354,3.84911470361817,3.55968309401126,3.4,3.33704115684094,3.42631380910573,3.30889366237977,3.33444481493831,3.22788896061975,3.28407224958949,3.33555703802535,3.33555703802535,3.50250178699071,3.80875558828617,3.33583523294095,3.33555703802535,3.1650578415698,3.07692307692308,3.12695434646654,3.03951367781155,3.09090909090909,3.03444097411494,2.97734627831715,3.03060606060606,2.94964028776978,3.22788896061975,3.03168113681287
8,"Arizona",16,5.54054054054054,5.18987341772152,5.07987093340065,5.56173526140156,5.36842105263158,5.31998135384411,5.33333333333333,5.0056882821388,5,4.9482163406214,4.94986681409258,4.82649151614669,4.66666666666666,4.63215258855586,4.62311557788945,4.78468899521531,4.54655675773616,4.25894378194208,4.07999999999999,4.11240575736807,4.01544401544401,3.77358490566038,3.7589816349584,3.63636363636364,3.57142857142857,3.57398141529665,3.46020761245674,3.87096774193548,3.7721324095458,3.46020761245674,3.44417397657274,3.25581395348837,3.10077519379846,3.05183150302223,3.01810865191147,2.92753623188405,2.7972027972028,2.79069767441861,2.77932184546971,2.85877644368211,2.83748925193466,2.70416441319632,2.60869565217391,2.57234726688103,2.5302157496618,2.5124656315362,2.50569476082004,2.4390243902439,2.41721725735356,2.44021473889702,2.5,2.5062656641604,2.5706940874036,2.5062656641604,2.45122561280641,2.33091469933575,2.30387868183144,2.29911487116869,2.28310502283106,2.29885057471264,2.26521994761879,2.27129337539432,2.23463687150838,2.35737004756225,2.25648740127867,2.28105906313646,2.26882096768061,2.17015355894289,2.12765957446809,2.08420175072948,1.9672131147541,2.06206825445923,1.96078431372549,2,1.96155355041192,1.86440677966102,2.01005025125628,2.06030150753769,2.09333284701016,2.01574751924651,1.99783566688339,1.91897654584222,1.86933358257781,1.86546174190781,1.8388500885304,1.8875047187618,1.75438596491229,1.7175572519084,1.91730079101141
53,"Tennessee",17,4.44444444444444,4.20489571030873,4.34782608695652,4.76322788826537,4.57286432160804,4.52261306532663,4.35729847494554,4.09044432050567,3.93700787401575,4.05405405405406,3.92207792207793,4.0833104960263,4.11015207562679,4.25531914893616,4.2449969678593,4.76758045292014,4.35161009573543,4.25233644859813,4.00320256204964,4,3.84812730805577,3.84911470361817,3.84911470361817,3.92997778288516,3.84911470361817,3.88461538461539,4.06790987780041,4.43559096945551,4.26457789382071,4.00320256204964,3.84886780722923,3.70644922164566,3.61278447121821,3.67273609945525,3.51185250219491,3.57398141529665,3.584229390681,3.59712230215827,3.74531835205992,4.11522633744856,3.85756676557863,3.57398141529665,3.47706491840352,3.33444481493831,3.33333333333333,3.38709677419354,3.33518621456365,3.33444481493831,3.33555703802535,3.36417157275021,3.42281879194631,3.72902567905812,3.61881785283474,3.57398141529665,3.42857142857143,3.2569392348087,3.12695434646654,3.22684737011939,3.23589203986984,3.27931319053882,3.33333333333333,3.31184707712825,3.38983050847458,3.77568134171908,3.57270453733476,3.43598206865878,3.26157860404436,3.27102803738317,3.20417287630402,3.1578947368421,3.07692307692308,3.17338860953892,3.09090909090909,3.24491752697384,3.22754168908015,3.44926704215526,3.37154416722859,3.09184629803186,3.07739652254193,3.03214069132808,2.95857988165681,3.05676855895196,2.95945546019533,2.94768030376095,3.03214069132808,2.94290759270159,2.88358441830264,2.94974639757221,3.00364742424828
32,"Missouri",18,4.77611940298508,4.5475216007276,4.76644423260247,5.56173526140156,5.0251256281407,5.05050505050505,4.76644423260247,4.49438202247191,4.17014178482068,4.11240575736807,4.22861588969863,4.25531914893616,4.36681222707423,4.38848920863309,4.63768115942029,5.26870389884089,4.90540540540541,4.58333333333333,4.16840350145894,4.0506329113924,4.1095890410959,4.16666666666666,4.12573673870335,4.13698630136986,4.25531914893616,4.26562228024369,4.44444444444444,5.00789960389664,4.86486486486486,4.61255005084868,4.16666666666666,3.86436966597287,3.85375090500678,3.84948516701601,3.84911470361817,3.88548057259713,3.95592006719619,4.08163265306123,4.35161009573543,5,4.54959053685169,4.23445698539127,3.84911470361817,3.70419760667842,3.70507595405706,3.65454545454545,3.70370370370371,3.70507595405706,3.68980612883052,3.70644922164566,3.94840747565148,4.27350427350427,4.16666666666666,3.84911470361817,3.70644922164566,3.60406091370559,3.52941176470588,3.57270453733476,3.63702491362066,3.6915504511895,3.6144578313253,3.61489336064587,3.70644922164566,4.00320256204964,3.85075927811492,3.68731563421829,3.61772719043184,3.47222222222222,3.51000351000351,3.45065562456867,3.45065562456867,3.57073979099851,3.50877192982456,3.50877192982456,3.63454484828276,4.00320256204964,3.78565703766241,3.45065562456867,3.44827586206896,3.3824706694272,3.40744400527009,3.33555703802535,3.29032258064517,3.29834733996355,3.23101777059773,3.33611342785655,3.33555703802535,3.6304961678096,3.57398141529665
27,"Maryland",19,5.1741979993101,5.00001250003125,5.01277139208174,5.55864369093941,5.55555555555556,5.55864369093941,5.26440473108288,4.76417341591234,4.54545454545454,4.54547520670548,4.53932167440491,4.6178714075818,4.76190476190477,4.71142520612485,4.9049049049049,5.00125031257814,5.00001875007812,4.76417341591234,4.3817505847708,4.16840350145894,4.0800210581732,4.15525114155251,4.03225806451613,4.14143764306631,4.17413829581074,4.17014178482068,4.28571428571428,4.55124704168942,4.54545454545454,4.3871472672725,4.23631962214103,4.00133379572154,3.84689363339104,3.80567144178048,3.80273004406687,3.79049111807732,3.77358490566038,3.79245283018868,3.85542168674698,4.36974789915966,4.35406698564593,4.04246631278072,4.0016006402561,3.70644922164566,3.57142857142857,3.49184067380243,3.63702491362066,3.57155612700454,3.59897172236504,3.66748873374315,3.84615384615384,4.44642063139173,4.35161009573543,4.16840350145894,4.00667779632721,3.70507595405706,3.63636363636364,3.57398141529665,3.63636363636364,3.58067606588381,3.60404868056392,3.70371742117563,3.70507595405706,4.19392073874567,4,3.84911470361817,3.53533006469593,3.35965144956572,3.23870967741936,3.15056072536388,3.24351351351351,3.22684737011939,3.2258064516129,3.1578947368421,3.24324324324324,3.57270453733476,3.33555703802535,3.26884589726484,3.17779886260066,2.98507462686567,3.00375469336671,2.95294117647059,2.94204177699323,2.91353111727414,3.01003344481605,2.94985250737463,3.13234334603932,3.29032258064517,3.12695434646654
60,"Wisconsin",20,5,4.7287899860918,5.00145876749281,5.55555555555556,5.13970334598137,5.00108719286801,4.76281196418365,4.57286432160804,4.35161009573543,4.43478260869565,4.5662100456621,4.65116279069767,4.76417341591234,4.76322788826537,5.00250125062531,5.35098522167488,5.005005005005,4.82568027210885,4.39130434782609,4.54959053685169,4.35161009573543,4.44543231829295,4.44444444444444,4.44642063139173,4.35161009573543,4.42890442890443,4.58174300254452,5.26870389884089,5,4.76474091721263,4.45859872611465,4.04266016117374,4.00801603206413,3.94840747565148,4.01606425702812,4.01606425702812,4,4.00320256204964,4.17014178482068,5.005005005005,4.54545454545454,4.35161009573543,3.85743963842264,3.77639360765069,3.70644922164566,3.84763370527126,3.84937238493723,3.84911470361817,3.87096774193548,3.84911470361817,4.0016006402561,4.61228798396909,4.00801603206413,3.83723616507403,3.584229390681,3.57142857142857,3.70644922164566,3.73134328358209,3.77285865760309,3.73134328358209,3.70644922164566,3.65853658536586,3.71747211895911,4.00320256204964,3.84686883913681,3.70644922164566,3.61881785283474,3.6268554606518,3.63768643142961,3.63856882959369,3.7286373832264,3.72429659299422,3.70644922164566,3.71799531873882,3.66802519451649,4.0016006402561,3.70185092546274,3.68015414258189,3.33889816360601,3.57398141529665,3.57280557257136,3.57398141529665,3.61707342388664,3.61881785283474,3.45172586293147,3.34768359827156,3.45065562456867,3.84763370527126,3.47962382445141
31,"Minnesota",21,5.26592943654555,5.03380916604057,5.4127198917456,5.94513249140788,5.58659217877095,5.36842105263158,5.26592943654555,4.87804878048781,4.71676989042401,4.54959053685169,4.76417341591234,4.59093584461447,4.78095238095239,4.94261036804143,5.00250125062531,5.56173526140156,5.08646998982706,4.76644423260247,4.54200465209639,4.36681222707423,4.26170839834559,4.33417529857927,4.25531914893616,4.36681222707423,4.34971726837755,4.39852003614543,4.35161009573543,5.13489991296779,5.00125031257814,4.71653168175321,4.34782608695652,4.01897994373936,3.84911470361817,3.71747211895911,3.80641653072322,3.84763370527126,3.84763370527126,3.86100386100386,4.17536534446764,4.81203007518797,4.44642063139173,4.07761755485893,3.63702491362066,3.37940693518787,3.39225211250357,3.39779286926995,3.44827586206896,3.38713343941804,3.39040515341583,3.4,3.57142857142857,3.92746244581107,3.63812763051165,3.25271059216014,3.12759830952734,3.11804008908686,3.2258064516129,3.22788896061975,3.33444481493831,3.27914415112221,3.33704115684094,3.33444481493831,3.28407224958949,3.75,3.38983050847458,3.20327526962965,3.16331841790811,3.12695434646654,3.22667384638471,3.22788896061975,3.22788896061975,3.20463134182495,3.18885690273463,3.17829457364341,3.08797227380171,3.35570469798657,3.33444481493831,3.11782456796831,2.97146322446504,3.01003344481605,3.04143702796489,3.03214069132808,3.06060606060606,3.0778701138812,2.9852974268826,2.94178215452791,2.94738945298757,3.2258064516129,2.95441845999391
10,"Colorado",22,4.05117270788913,3.86100386100386,3.89182690217749,4.29787234042553,4.34782608695652,4.08246580934884,4.07407407407407,3.77500943752359,3.56725146198831,3.584229390681,3.63636363636364,3.59146782357195,3.70507595405706,3.66088631984586,3.84763370527126,4.25531914893616,3.84615384615384,3.63636363636364,3.39272536010884,3.33416689821761,3.26633165829145,3.22710770471965,3.30380147663794,3.26884589726484,3.13479623824452,3.12695434646654,3.2258064516129,3.57787177353652,3.33555703802535,3.22684737011939,3.08505949757603,2.94204177699323,2.94290759270159,2.94985250737463,2.97734627831715,3.00333704115684,2.87487684729064,2.88392463560614,2.83018867924528,3.04347826086957,2.85836793032919,2.70343336036767,2.77854959711031,2.63852242744064,2.66666666666666,2.69828291087489,2.77777777777778,2.77777777777778,2.72975432211101,2.61538461538462,2.67727935442308,2.80678681653916,2.74546300604932,2.75855403709858,2.59517447374963,2.70785140835488,2.71778005846862,2.81124497991968,2.94117647058824,2.84452526302117,2.80668931449297,2.73972602739726,2.5980774227072,2.7027027027027,2.78904862707397,2.66666666666666,2.70416441319632,2.68428815401335,2.72383268482491,2.73972602739726,2.67639902676399,2.72727272727272,2.66666666666666,2.65486725663717,2.60869565217391,2.7098053304592,2.57209664848013,2.56371814092954,2.53164556962026,2.60669103006168,2.56673511293635,2.53164556962026,2.5062656641604,2.44640332272888,2.40538847117795,2.33333333333333,2.32558139534884,2.38095238095238,2.36199108504958
4,"Alabama",23,5.06542845082313,5.00250125062531,4.98466257668712,5.420054200542,5.24059075750357,5.005005005005,4.84848484848485,4.76281196418365,4.76217687614754,4.36304538067258,4.33925049309665,4.43782398297973,4.54959053685169,4.76417341591234,4.77941176470589,5,4.62962962962963,4.08163265306123,4.21496311907271,4.0061244584028,4,4.00667779632721,4.08246580934884,4,4.16840350145894,4.07993055555556,4.18410041841004,4.56881930854534,4.41860410042076,4.42477876106194,4.00320256204964,4.000400080016,4.08673894912427,3.86736104864554,4.000016000064,3.97379912663756,3.91616716616717,4,4.2534080774621,4.76281196418365,4.4856733960598,4.07999999999999,3.77777777777778,3.70637146396968,3.60240160106737,3.57270453733476,3.59712230215827,3.70507595405706,3.71747211895911,3.84911470361817,3.84911470361817,4.41767068273092,4.13220444746993,3.97365453020619,3.6697247706422,3.71747211895911,3.57398141529665,3.5024154589372,3.56296547054841,3.68615060558188,3.57398141529665,3.58620689655172,3.52993094854888,4.17014178482068,3.70909349489128,3.4494653328734,3.3357795716859,3.26000923088135,3.24120368388902,3.23711896412193,3.2051282051282,3.34448160535117,3.4494653328734,3.54612838691239,3.45065562456867,4.00534045393859,3.51422600104498,3.33333333333333,3.16491321037598,3.18774437612685,3.2258064516129,3.13331217593216,3.12695434646654,3.17460317460317,3.10077519379846,3.18326512050933,3.27956989247312,3.3353716262945,3.3695652173913
51,"South Carolina",24,4.81481481481482,4.76285714285715,4.83516483516484,5.005005005005,4.90583812468013,4.72693539216566,4.54959053685169,4.51467268623025,4.22620857403466,4.26666666666666,4.36110490707911,4.28742055813803,4.36681222707423,4.40239043824702,4.54959053685169,6.01202404809619,4.54545454545454,4.24578615516253,4.18353576248313,4.11764705882353,3.88888888888889,4.0016006402561,4.00260178127494,4.11522633744856,4.000800160032,4.0016006402561,4.16666666666666,4.63636363636364,4.34877867201191,4.05825987685513,4,3.71816322736568,3.72031662269129,3.70370370370371,3.70405356148613,3.63636363636364,3.5886835587731,3.70507595405706,3.69185137743646,4.09106257979801,4.00835073068894,3.63785185600585,3.52075192658734,3.33444481493831,3.27551701134089,3.29032258064517,3.24324324324324,3.2258064516129,3.23428459350789,3.2597623089983,3.22597641350482,3.42700394023064,3.36711010107512,3.06441525953721,3.07606324163159,3.09090909090909,3.07133968110744,2.94117647058824,2.92049756625202,2.94290759270159,2.95360581484791,2.95599201627951,3.03122158229766,3.08641975308642,2.94204177699323,2.82685512367491,2.85768717851019,2.78140365318588,2.72373540856031,2.77970813064629,2.72691900697821,2.77854959711031,2.76697410823424,2.76595744680851,2.73235770069655,2.81763558236039,2.85266457680251,2.56410256410257,2.45943817274875,2.50062515628907,2.52936069094731,2.45767959236913,2.4287772745986,2.50960710507541,2.60225893189463,2.52100840336135,2.51279664960447,2.69160777011299,2.55911056937747
25,"Louisiana",25,4.52488687782805,4.25094724570096,4.34845638937562,4.96832277425808,4.85714285714286,4.76190476190477,4.44444444444444,4.30462519936204,4.03225806451613,3.99498525073747,4.23728813559322,4.18410041841004,4.00213454294326,4.00801603206413,4.30200043020005,4.65332712889717,4.29812514623452,4.02149757566853,3.84763370527126,4.00364722173134,3.82409177820268,3.82387022016223,3.92156862745098,3.73725934314836,3.85319221371608,3.94478999683373,3.84615384615384,4,4.13793103448276,3.84615384615384,3.71196067030238,3.61881785283474,3.64123159303882,3.63636363636364,3.80890897353131,3.7721324095458,3.59451664632249,3.73900004194455,4.07999999999999,4.25531914893616,4.07999999999999,4.04040404040404,3.84763370527126,3.53383458646617,3.45065562456867,3.38722093918399,3.48837209302325,3.46592230751338,3.5008752188047,3.57462019660411,3.78197997775306,4.12922249859584,4,3.57398141529665,3.50877192982456,3.44827586206896,3.45238226848231,3.39892665474061,3.33555703802535,3.51724137931034,3.48712446351931,3.36134453781513,3.44827586206896,3.92532676237412,3.43942727305515,3.33388898149691,3.2624260874656,3.16397675919948,3.03214069132808,3.07692307692308,3.04182509505704,3.2258064516129,3.42857142857143,3.40425531914894,3.50877192982456,3.57142857142857,3.2258064516129,3.29824005910446,3.03214069132808,3.00166759310728,3.05800808318362,3.03951367781155,3.05030699148346,3.07692307692308,3.03030303030303,3.09090909090909,3.14784418854093,3.33555703802535,3.29032258064517
24,"Kentucky",26,4.11290104433161,3.96809499649541,4.16840350145894,4.52311557788945,4.37158469945356,4.23230389672765,4.0016006402561,3.80915736821854,3.77358490566038,3.70644922164566,3.76468326268277,3.84763370527126,3.84911470361817,3.85821277387542,4.00667779632721,4.34782608695652,4.00667779632721,3.84911470361817,3.57270453733476,3.62953692115144,3.46020761245674,3.51724137931034,3.65135230000095,3.61881785283474,3.63306152705708,3.68980612883052,4,4.17014178482068,4.00320256204964,4,3.70644922164566,3.63454484828276,3.63636363636364,3.61485943775101,3.58032233348947,3.70644922164566,3.70507595405706,3.76107222567861,3.95308502052101,4.91803278688525,4.13793103448276,3.85671101469572,3.45065562456867,3.40986587860878,3.33555703802535,3.33444481493831,3.31902514066006,3.37792642140469,3.4494653328734,3.44827586206896,3.55974842767295,3.7721324095458,3.57142857142857,3.34448160535117,3.26613533364588,3.31451612903226,3.21762349799734,3.22788896061975,3.19817351598174,3.33555703802535,3.2258064516129,3.33555703802535,3.40986587860878,3.70644922164566,3.46020761245674,3.29032258064517,3.45144979157087,3.36400560224089,3.30851943755169,3.26884589726484,3.33444481493831,3.22788896061975,3.33555703802535,3.43137254901961,3.50877192982456,3.75469336670838,3.50184820036477,3.41296928327645,3.3587786259542,3.42686292548298,3.41622497055359,3.33444481493831,3.32326283987915,3.2967032967033,3.2258064516129,3.33317222168518,3.33555703802535,3.70370370370371,3.24675324675324
46,"Oregon",27,5.00002405260284,4.8534881503028,5.00250125062531,5.28760790866054,5.39045732671051,5.15093243305314,5.26592943654555,4.99981925865098,4.76935306347071,4.76417341591234,4.76190476190477,4.71028037383178,4.68227424749164,4.77326968973747,4.89808872358649,4.99762395057817,4.81439200094477,4.78468899521531,4.85714285714286,4.55927051671733,4.40030349013657,4.48430493273543,4.21813837628997,4.28571428571428,4.20560747663551,4.15929203539823,4.06500552283488,4.44978130939015,4.04143517659238,3.84763370527126,3.8647342995169,3.68794214837705,3.70370370370371,3.63454484828276,3.57398141529665,3.53383458646617,3.5992159346368,3.4494653328734,3.44827586206896,3.59943443408044,3.63636363636364,3.55059171597633,3.33555703802535,3.33333333333333,3.24324324324324,3.18999003339859,3.22814948434539,3.25806451612903,3.16205533596838,3.22684737011939,3.23870967741936,3.49950931750028,3.23624595469255,3.33333333333333,3.25991189427313,3.34448160535117,3.11418685121108,3.28671328671328,3.26633165829145,3.25806451612903,3.2258064516129,3.20554895003675,3.30645161290323,3.71747211895911,3.33347223379726,3.44862068965517,3.38983050847458,3.2258064516129,3.21762349799734,3.33333333333333,3.2258064516129,3.1496062992126,3.17460317460317,3.11517576450414,3.09278350515464,3.27874227446352,3.14465408805031,3.16664105433798,2.92241683160264,3.03951367781155,2.94550810014728,3.03214069132808,3.03044077830686,3,2.94117647058824,2.9126213592233,2.81589479702687,2.80420561396686,2.83333333333333
45,"Oklahoma",28,3.77777777777778,3.7721324095458,3.57142857142857,4.04,4.01775188419789,4.25149700598802,3.70370370370371,3.68980612883052,3.45065562456867,3.33555703802535,3.51011935860493,3.54938271604939,3.63636363636364,3.58620689655172,3.83879653982919,4.21571342842635,3.73174689021093,3.58905338716914,3.4503982621289,3.42007434944238,3.34448160535117,3.29192950769599,3.29032258064517,3.26748746476145,3.30801195716445,3.26349929873773,3.3826037521319,3.57142857142857,3.47490347490348,3.36134453781513,3.27868852459017,3.10880829015544,3.28989813242785,3.15151515151515,3.22997416020672,3.33444481493831,3.36134453781513,3.39616519174041,3.33555703802535,3.94265232974911,3.57398141529665,3.41729334662197,3.33333333333333,3.13471266877752,3.3146182115149,3.14197083195855,3.10077519379846,3.03122158229766,3.07692307692308,3.12695434646654,3.15457413249212,3.33555703802535,3.2569392348087,2.94290759270159,3.15955853807331,3.05584826132771,3.10077519379846,3.01500037500937,2.94117647058824,2.96116504854369,3.05639786181893,3.06780097963393,2.98507462686567,3.2258064516129,3.10724421209858,3.03214069132808,3.03030303030303,2.89855072463768,2.92682926829269,2.85877644368211,2.87659876555411,2.90656126394629,2.88404944084756,3.01492537313433,2.9126213592233,3.2258064516129,2.78789321154646,2.85714285714286,2.8169014084507,2.72426542128819,2.59067357512953,2.73224043715847,2.7027027027027,2.70416441319632,2.63227165043433,2.72130217953845,2.70343336036767,3.09090909090909,2.77816368744405
11,"Connecticut",29,4.46036832884673,4.44444444444444,4.35097897026832,4.76322788826537,4.95169082125604,4.86675140164188,4.36681222707423,4.14201183431953,4.00973867505786,4.16840350145894,4.08329930583912,4.34971726837755,4.34971726837755,4.41241359023385,4.4124136856861,5,4.5475216007276,4.43478260869565,4.10818261089703,4.00801603206413,4.08329930583912,4.07407407407407,4.14078674948241,4.16666666666666,4.16840350145894,4.13826291858883,4.32345876701361,4.81077694235589,4.5475216007276,4.35283854069068,4.14078674948241,3.84763370527126,3.77429703717682,3.75939849624061,3.84763370527126,3.87800460175258,3.88125763125763,4.00320256204964,4.00320256204964,4.62311557788945,4.34782608695652,4.2571306939123,3.87891276616622,3.80107881768702,3.77358490566038,3.70644922164566,3.77500943752359,3.84615384615384,3.84763370527126,3.9036295182964,4.0392994996426,4.74753433775035,4.15051173522282,4.34971726837755,4.00320256204964,3.76569037656904,3.75225969816236,3.71747211895911,3.82149269043345,3.84749912556838,3.85185185185185,3.84911470361817,3.92208134061254,4.40240106714095,4.00667779632721,4.01606425702812,3.84763370527126,3.62252115194705,3.70432109182289,3.58620689655172,3.63768643142961,3.76470588235294,3.82149269043345,3.63768643142961,3.77358490566038,4.4037351592161,3.86100386100386,3.74883178390988,3.64495798319328,3.5778175313059,3.50877192982456,3.50938761186173,3.53252900791777,3.57270453733476,3.61881785283474,3.63636363636364,3.61151781356759,4.13793103448276,3.87409200968523
19,"Iowa",30,4.13967258794845,4,4.14279418245923,4.35161009573543,4.76190476190477,3.84911470361817,3.84615384615384,3.84763370527126,3.68674698795181,3.70644922164566,3.70644922164566,3.92307692307692,4.00320256204964,3.87596899224806,4.03756433427671,4.35406698564593,4.0016006402561,3.84615384615384,3.57398141529665,3.46820809248555,3.44827586206896,3.58467243510506,3.63432531593967,3.5733429763157,3.59971202303816,3.70370370370371,3.63636363636364,4.08163265306123,4.05548017488316,3.70644922164566,3.70370370370371,3.51724137931034,3.4494653328734,3.61828217392182,3.63636363636364,3.75234668335419,3.70507595405706,3.70644922164566,4.00205110186664,4.34971809134597,4,4,3.44683868124287,3.57142857142857,3.4453781512605,3.58620689655172,3.5438596491228,3.5483870967742,3.5756853396901,3.50938771991404,3.67112812854873,4,3.65853658536586,3.45065562456867,3.25271059216014,3.09090909090909,3.22788896061975,3.07692307692308,3.22927879440258,3.36496980155306,3.2737672109275,3.29032258064517,3.40280793168332,3.78250591016549,3.41296928327645,3.22788896061975,3.17777604936351,3.10077519379846,3.10383678068016,3.13953488372093,3.1578947368421,3.2520325203252,3.31308770260876,3.33333333333333,3.33555703802535,3.88283657944783,3.33889816360601,3.34409023012836,3.33722760081568,3.12597686777117,3.12695434646654,3.17829457364341,3.18507568676043,3.31816128310553,3.33333333333333,3.17697575264698,3.30645161290323,3.42995169082125,2.94290759270159
34,"Mississippi",31,5.17241379310345,5.1464282110786,4.99841664027734,5.2645436656412,5.03778337531486,5.06847044687067,5,4.76644423260247,4.47761194029851,4.5662100456621,4.6003465470947,4.56766257054649,4.5489006823351,4.9923076923077,5,5.19389324291775,4.97003709334373,4.2571306939123,4.35406698564593,4.16289592760181,4.28571428571428,4.12832023943135,4.19689119170984,4.01472109172476,4.08460966542751,4.21662195279822,4.76417341591234,5.26870389884089,5.12820512820513,4.98868778280543,4.35406698564593,4.54959053685169,4.44444444444444,4.35970653116934,4.16666666666666,4.32692307692307,4.16666666666666,4.34258774227344,4.46528216870576,5.17985611510792,4.70790602532562,4.5746962115797,4.1675350840628,3.95256916996047,3.77988864922663,3.74654297825029,3.64298724954463,3.69477911646586,4.00320256204964,4.12844036697247,4.27215189873418,4.93167917851371,4.55403154527549,4.1675350840628,4.03926639496109,4.09254980243099,3.66244106992552,3.75401069518717,3.70576258785136,4.00320256204964,3.84911470361817,3.84615384615384,3.846161242632,4.38476327805816,4.09704182710318,3.54809113070567,3.954802259887,3.50877192982456,3.70507595405706,3.63636363636364,3.46020761245674,3.44827586206896,3.79310344827586,3.77358490566038,3.86212008895478,4.27350427350427,4,3.68166604685757,3.70576258785136,3.47826086956522,3.40650684931507,3.40145839290821,3.4494653328734,3.5483870967742,3.57270453733476,3.50877192982456,3.70370370370371,3.70438982888038,3.52112676056338
6,"Arkansas",32,5.0251256281407,4.76644423260247,5.26870389884089,5.51724137931035,5.66824117810503,5.96238495398159,5.08379888268157,4.78696741854636,4.54545454545454,4.54959053685169,4.42367922492146,4.43478260869565,4.24834169077766,4.56829602558245,4.52261306532663,4.91964578550345,4.2571306939123,4.08901493228383,4,3.84615384615384,3.84911470361817,3.8514684660717,3.84763370527126,4,4.00213454294326,3.84615384615384,3.95741666045193,4.34782608695652,4.42477876106194,4.13793103448276,3.92307692307692,3.86100386100386,3.69477911646586,3.87096774193548,3.84911470361817,4.0016006402561,4.09473684210526,4.16666666666666,4.25,4.94565217391304,4.44444444444444,4.30717703349283,3.84911470361817,3.76764280545063,3.86045189476212,3.70644922164566,3.58225406448057,3.58620689655172,3.70644922164566,3.87096774193548,3.84763370527126,4.44444444444444,4.04040404040404,3.84911470361817,3.70370370370371,3.57222600739405,3.48362435930849,3.63636363636364,3.57398141529665,3.51289346585302,3.77777777777778,3.75965785453631,3.84911470361817,4.54959053685169,3.87596899224806,3.57142857142857,3.52636263678726,3.50877192982456,3.57142857142857,3.51724137931034,3.57270453733476,3.58744394618834,3.56178881696921,3.82113821138211,3.84911470361817,4.34782608695652,3.75469336670838,3.54412786657401,3.52846288180127,3.45065562456867,3.45065562456867,3.40501792114696,3.35291307158315,3.33889816360601,3.33333333333333,3.45065562456867,3.42118186282534,3.84615384615384,3.754958606416
23,"Kansas",33,4.22654268808115,4,4.00816033282663,4.67111534795043,4.35161009573543,4.26457789382071,4.05679513184585,3.70507595405706,3.56083086053413,3.57142857142857,3.70507595405706,3.71764931019452,3.67875647668394,3.84026499994053,3.97025984179511,4.34782608695652,4.1095890410959,3.71057513914657,3.70370370370371,3.45065562456867,3.57142857142857,3.70370370370371,3.70644922164566,3.74087396749267,3.70438970179663,3.88163828319805,4.17712435184316,4.28636570907432,4.11522633744856,3.79746835443038,3.84615384615384,3.57270453733476,3.45065562456867,3.70370370370371,3.60406091370559,3.57398141529665,3.57270453733476,3.92313851080864,3.8492435442777,4.5475216007276,4.37557337162459,4,3.59712230215827,3.56072519814732,3.36134453781513,3.41296928327645,3.46076458752516,3.45543161851271,3.44827586206896,3.44827586206896,3.57142857142857,4.24242424242425,3.7721324095458,3.51724137931034,3.44004149065709,3.1002703788737,3.26884589726484,3.20136674259681,3.22927879440258,3.33444481493831,3.33555703802535,3.44827586206896,3.23624595469255,3.80761523046093,3.57129081612974,3.38983050847458,3.31491712707183,3.22632682690757,3.26345520669694,3.16122233930453,3.33333333333333,3.38983050847458,3.36134453781513,3.3611120370679,3.4494653328734,3.7244077012706,3.5869864902123,3.55329949238579,3.39360320415619,3.33351853909694,3.2258064516129,3.2258064516129,3.2258064516129,3.34905660377358,3.22788896061975,3.27141922825376,3.33333333333333,3.57142857142857,3.45882721048369
55,"Utah",34,4.7644117638907,4.68227424749164,4.76417341591234,5.39853179731105,5.09237288135593,4.9049049049049,4.95049504950495,4.5662100456621,4.43097014925373,4.39130434782609,4.5475216007276,4.51977401129944,4.35729847494554,4.2254048282514,4.65116279069767,4.76341695776437,4.5475216007276,4.01502504173623,4.01606425702812,3.80281154533585,3.71851851851852,3.61772719043184,3.66107899807322,3.62353581899605,3.52917992261319,3.50877192982456,3.57146683714469,3.49756856760472,3.7243947858473,3.21201927985341,3.16215162736309,3.08047793075389,3.03214069132808,2.97442207790933,3.00090936647469,2.92682926829269,2.96453232893911,2.94290759270159,2.97453001819284,3.07692307692308,2.85714285714286,2.82156753752084,2.74047684297067,2.70379888678199,2.70416441319632,2.67379679144385,2.83333333333333,2.87356321839081,2.76679841897233,2.70416441319632,2.70343336036767,2.77283511269276,2.59884910350983,2.63852242744064,2.65486725663717,2.79069767441861,2.87332160036184,2.78551532033426,2.85805017465862,2.94160912379073,2.78551532033426,2.78260869565218,2.77854959711031,3.12597686777117,3.0778701138812,2.85795941697627,2.85714285714286,2.7972027972028,2.78951817413355,2.77854959711031,2.86532951289399,2.82471235339503,2.77906438165818,2.77816368744405,2.77854959711031,2.70526217953456,2.56482446619568,2.63539703893748,2.63157894736842,2.65501474926254,2.77777777777778,2.7643016806027,2.70273922669933,2.68635253573333,2.60540086887835,2.48290556033381,2.44897959183673,2.38095238095238,2.38208670795617
42,"Nevada",35,5.71755288736421,5.55555555555556,5.56173526140156,5.88235294117647,5.61111111111111,5.72639886836733,5.83819849874896,5.26870389884089,5.40540540540541,5.01882073841037,5.005005005005,4.96453900709219,5.00166722240747,4.95449949443882,5,5.05050505050505,5.00250125062531,4.90880794586182,4.80957152400038,4.7730273552806,4.73162039991603,4.34858236214994,4.5475216007276,4.34971726837755,4.1675,4.18410041841004,4.16666666666666,4.67206543456544,4.44444444444444,4.94264975523747,4.40852314474651,4.40895320450602,4.25577193880092,3.6697247706422,3.65853658536586,3.63269794721408,3.57207293195546,3.77358490566038,3.83480464668231,4,3.94230769230769,3.68567136886103,3.33333333333333,3.15625,3.17510715986664,3.03030303030303,3.03214069132808,3.06748466257669,2.94974639757221,2.94757419395853,2.85714285714286,3.09746233259885,3.10507005491123,2.94117647058824,2.94498381877023,2.94985250737463,2.85877644368211,2.80018393412438,2.82131661442007,2.78551532033426,2.71760535643955,2.63296471827278,2.71816881258942,2.77777777777778,2.85714285714286,2.73600811652382,2.58342602892102,2.51059972105997,2.5974025974026,2.63227165043433,2.45614035087719,2.6292353494841,2.5062656641604,2.48780487804878,2.41829258736202,2.5062656641604,2.38171492125163,2.26539201663981,2.22222222222223,2.31124807395994,2.27273243802827,2.23887042120433,2.2737608003638,2.28060173238112,2.17531914893617,2.22222222222223,2.08768267223383,2.04498977505112,2.07253886010362
41,"New Mexico",36,4.54545454545454,4.37877480586713,4.34782608695652,4.44444444444444,4.51904454486766,4.44444444444444,4.34782608695652,4.33792215509557,4.05369369369369,4.01204014454613,4.21264215177343,4.21813837628997,4.25149700598802,4.16670138917824,4.35406698564593,4.54545454545454,4.36521739130434,4.28877988963826,4.13793103448276,4.11522633744856,4.02830192604551,4.05333448628181,3.92156862745098,3.96754728381419,4,3.96158463385354,4.0016006402561,4.46428571428571,4.54545454545454,4.34782608695652,4.00120040014405,3.83641970501659,3.70507595405706,3.79505594980976,3.70370370370371,3.70370370370371,3.70644922164566,4.01606425702812,3.86569593100569,4.49438202247191,4.02208998198797,3.71747211895911,3.47490347490348,3.42857142857143,3.36134453781513,3.53356890459364,3.60898767731767,3.66887498257935,3.584229390681,3.63636363636364,3.70544646165246,4.08543678225444,3.83546414674819,3.4494653328734,3.33333333333333,3.30165082541271,3.27868852459017,3.2258064516129,3.33555703802535,3.16958006831424,3.24675324675324,3.13127477110464,3.33889816360601,3.87035164588248,3.46020761245674,3.50877192982456,3.33333333333333,3.1963511972634,3.12008788225207,3.13390313390314,3.13479623824452,3.28767123287671,3.17322423709168,3.26086956521739,3.23206745765615,3.33333333333333,3.17460317460317,3.03571428571429,3.1724680532467,3.03030303030303,3.15470494417863,3.09764230287441,3.09090909090909,3.06397306397307,2.94290759270159,2.96049714120158,3.01003344481605,3.125,2.98804587432145
61,"West Virginia",37,5.88581518540318,5.88581518540318,6.1744966442953,6.43454019776292,6.11179525070296,6.30639475628115,5.66251415628539,5.71428571428572,5.2645436656412,5.23809523809524,5.40234796791344,5.55555555555556,5.1412609736632,5.4597600634001,5.54925551435546,6.0816012317167,5.26592943654555,5.58113902914024,5.57361940955359,5.08474576271186,5.04741705995121,5.005005005005,5.00250125062531,5.00250125062531,5.17241379310345,5.0251256281407,5.26592943654555,5.56018947617049,5.58659217877095,5.2797923606265,4.91129785247433,4.93617853204621,4.76190476190477,5.01159615456552,5,5.19593594341278,5.12820512820513,5.15137848257802,5.05050505050505,5.26870389884089,5.005005005005,5,4.62900414570019,4.57286432160804,4.61538461538461,4.78468899521531,4.52996324908123,4.55318522689462,4.76417341591234,4.55320847851335,4.93662441627751,4.97076023391813,5.23809523809524,5,4.78282068808385,4.61106309420916,4.57286432160804,4.54590909090909,4.61351755041075,4.48979591836735,4.57760161187801,4.7820503799606,4.5662100456621,5.36827621852042,5.14138817480719,4.85714285714286,4.5475216007276,4.45449393882155,4.4543429844098,4.13698630136986,4.57016918502547,4.35161009573543,4.34971726837755,4.48145302897278,4.76644423260247,5.40540540540541,5.02793296089385,4.76190476190477,4.12615101737045,4.32345876701361,4.16,4.25531914893616,4.31520927879325,4.52488687782805,4.48306421358078,4.47957839262187,4.83711131511428,5.21739130434783,4.80769230769231
38,"Nebraska",38,3.92313851080864,3.76602481118891,3.51724137931034,4.34877167766703,4.07999999999999,3.70370370370371,3.61554717967712,3.44827586206896,3.33333333333333,3.2258064516129,3.33333333333333,3.51724137931034,3.51724137931034,3.70370370370371,3.82187191719198,4.17014178482068,3.55635925256178,3.50877192982456,3.2258064516129,3.03214069132808,3.12548843388559,3.03136836690641,3.17829457364341,3.16144442166734,3.2053565666344,3.29032258064517,3.3160621761658,3.57206655438166,3.63203753688094,3.26398087054272,3.27959977765425,3.20188270659708,3.11418685121108,3.21782178217822,3.2258064516129,3.29032258064517,3.17460317460317,3.23158326836746,3.33555703802535,3.73809077269317,3.33333333333333,3.34448160535117,2.9818990155605,3.02874823141627,3.05555555555556,2.94290759270159,2.89855072463768,3.07692307692308,3.07692307692308,3.07692307692308,3.18339100346021,3.55987055016181,3.125,3.03030303030303,2.75421730455288,2.78745644599303,2.94290759270159,3.07066916823014,3.11249444197421,3.00128847979099,3.01507537688442,3.03214069132808,3.03214069132808,3.22736816536957,3.15151515151515,3.16333118140736,3.1578947368421,3.06441525953721,3.03122158229766,3.03951367781155,3.07692307692308,3.24499824499824,3.1578947368421,3.09329694695548,3.125,3.33444481493831,3.2258064516129,3.19595804263264,3.20391538964068,3.12695434646654,3.03030303030303,3.06122448979592,3.10644408544247,3.04149596934056,3.12500976568604,3.0018192844148,3.05676855895196,3.52982703847512,3.125
20,"Idaho",39,5.55864369093941,5.29100529100529,5.68506006006006,5.6710775047259,5.81281052979166,5.8022506283426,5.88235294117647,5.05050505050505,5,5.08474576271186,5.26315789473685,5.00072985831428,5.16044048685389,5,5.00208420175073,5,4.9996760189205,5.09495136637332,4.96412669510181,4.44444444444444,4.34782608695652,4.08673894912427,4.20841683366734,4.16333333333333,4.35161009573543,3.94714184015084,4,4.54545454545454,4.29540081667741,3.92405063291139,3.42281879194631,3.63295027875754,3.38854382332643,3.63636363636364,3.53951594578495,3.37840565085772,3.33555703802535,3.33555703802535,3.34224598930482,3.63702503389662,3.50250178699071,3.03030303030303,3.22652329749104,2.94117647058824,3.03214069132808,3.03122158229766,3.09090909090909,3.12695434646654,3.13953488372093,3.03214069132808,3.03122158229766,3.03030303030303,3.22788896061975,3.12548843388559,2.85714285714286,2.85877644368211,2.73972602739726,2.85795941697627,2.85877644368211,2.86327992096774,2.779514988058,2.81418348476321,2.7538798708889,2.85877644368211,2.70416441319632,2.56554669163227,2.59615384615385,2.62338817252112,2.70343336036767,2.68438714235252,2.72373540856031,2.77854959711031,2.72727272727272,2.70284880263798,2.66233766233767,2.66666666666666,2.85795941697627,2.56410256410257,2.51170710940826,2.56410256410257,2.64499054820416,2.72373540856031,2.94117647058824,2.86123032904149,2.75675675675676,2.68436578171092,2.59499759499759,2.68456375838926,2.38208670795617
18,"Hawaii",40,5.78799796081859,5.11489992587102,4.82659814397161,5.04073018633595,5.06329113924051,4.98338870431894,4.84848484848485,5,5.04922197523023,5.1131391423928,4.70588235294118,4.54310910967258,4.55321718353586,4.77137252372406,4.82929292607473,5.27240773286467,5.06970849176173,5.06329113924051,4.7786292699575,5.06329113924051,4.97737556561086,4.81481481481482,4.3356496275797,4.64182118597393,4.58131840162891,5.0251256281407,4.76947535771065,5,5.0251256281407,4.89535502545043,4.66808123673841,4.65116279069767,4.62249614791987,4.41558441558442,4.44691632678284,4.54545454545454,4.26150121065375,4.54200537630068,3.84615384615384,4.48113207547169,4.27598126165462,4.23076923076923,3.80311047106778,4.21976171976172,4.1218534782713,3.72655215143358,3.73954780769901,3.81315885132679,4.00090286007439,4.04090909090909,4.54545454545454,4.27098674521354,3.85542168674698,4.04040404040404,4.00016,3.94736842105263,3.90879478827362,3.78963348514422,3.84615384615384,4.12371134020618,4.12007062978222,3.84615384615384,3.86569533949752,3.99175824175824,4.00801603206413,3.85061211839454,3.6776772564696,3.75469336670838,3.84615384615384,3.74090001373583,3.55442752397067,3.57910540298882,3.70370370370371,3.56177606177606,3.80761523046093,4.07999999999999,3.80890820454158,3.60033236393851,3.58620689655172,3.41296928327645,3.5593220338983,3.3066132264529,3.61056166416953,3.34448160535117,3.40909090909091,3.15056072536388,3.62759074459919,3.24675324675324,3.43102391171061
28,"Maine",41,5.58659217877095,5.26592943654555,5.40613606307037,5.98416102953308,6.25390869293309,5.3821313240043,5.05050505050505,5.12886275902434,4.82010582010582,5.00250125062531,5.15796474891919,5.12071322882134,5.26315789473685,5.29100529100529,5.25054466230936,5.75342465753424,5.26321329698207,5.12833662401601,5.18134715025906,4.98432810936979,4.76292539147502,5.00250125062531,5.00417014178482,5,5,5.005005005005,5.00250125062531,5.56173526140156,5.29100529100529,5.26315789473685,5.0761421319797,4.52012882447665,4.44444444444444,4.49438202247191,4.79984767975629,4.76190476190477,4.54855606878964,4.46666666666666,4.88069092937322,5.49125465441227,5.0251256281407,4.99728084702709,4.76644423260247,4.35066368205649,4.35066368205649,4.4,4.44444444444444,4.54545454545454,4.47088465845465,4.53308644095844,4.86801779535344,5.40832882639265,4.85714285714286,5.66037735849056,4.76281196418365,4.66030989272944,4.34831763590666,4.24635914109598,4.36681222707423,4.25622472866567,4.34782608695652,4.52488687782805,4.28250699588729,5.00208423651639,4.76442562202224,4.80668344199169,4.2016806722689,4.1095890410959,4.27807486631016,4.35790584176254,4.49821420359612,4.36681222707423,4.36174469787916,4.29722815319214,4.2571306939123,4.5475216007276,4.78468899521531,4.45859872611465,4.17536534446764,4.1095890410959,4.35350408105826,4.25531914893616,4.08997955010225,4.17275356464416,4.07488372093023,4.00494017918842,4.11500113144636,4.34782608695652,4.14944903581267
39,"New Hampshire",42,5.29824561403509,5.23809523809524,5.23809523809524,5.67620729151396,6.00000000000001,5.58891376977838,5.27704485488126,5.1490514905149,5.0251256281407,4.76190476190477,4.97737556561086,4.84848484848485,5.14138817480719,5,5.36672629695886,5.49952749763749,5.40686672073534,5.20446096654275,5.00250125062531,4.76445716656249,4.57052306989493,4.81481481481482,4.76190476190477,5.0314465408805,4.84027105517909,4.79365079365079,5.26870389884089,5.53079476992521,5.28760790866054,5.40686672073534,5.13701473330902,4.4543429844098,4.16840350145894,4.11431133437186,4.52809601745772,4.34782608695652,4.25531914893616,4.34971726837755,4.4109401503802,5.03496503496503,4.87923912914093,4.6160947838129,4.16840350145894,3.93779836807688,3.70782401735102,3.71970013640925,3.80915736821854,3.84763370527126,3.84911470361817,4.0016006402561,4.17250968348851,4.63755320112289,4.36681222707423,4.20248800959233,4.18410041841004,3.85673223786327,3.61532899493854,3.8287212723319,3.85869565217392,3.84763370527126,3.95703787450538,3.70507595405706,3.9655862344938,4.64191750278707,4.34782608695652,3.92307692307692,4.0060091251329,3.69077338218263,3.46020761245674,3.55765109301329,3.57398141529665,3.61561949947811,3.70507595405706,3.70507595405706,3.70507595405706,4.16666666666666,4.09644417346751,3.45543161851271,3.43350095511814,3.45006047872103,3.50250178699071,3.53024240997882,3.70438970179663,3.56101134187126,3.54410505281188,3.35362320259998,3.4494653328734,3.74074074074074,3.67784639955457
50,"Rhode Island",43,5.55864369093941,5.2645436656412,5.26592943654555,5.38861854555285,5.33333333333333,5.57056720151623,5.26315789473685,5.07105259633286,4.79365079365079,4.66479306085146,4.93500292135459,5.0125313283208,5.00062515628907,5.00112525630907,5.26315789473685,5.4621251661282,5.55709962324749,5.26592943654555,4.77326968973747,4.93427319489427,4.76701234276131,4.69767441860465,4.56427213158437,4.78359908883826,4.54355981659025,4.54855606878964,4.35161009573543,5.1741979993101,4.90196078431373,4.54690137137671,4.37357630979499,4.1970802919708,4.25531914893616,4.17014178482068,4.19860627177701,4.30476247623703,4.40185896902997,4.34971726837755,4.17014178482068,4.56837419731465,4.81077694235589,4.55790029125689,4.34877147205914,4.12978984697327,4.04541016406563,3.77429717159198,4.0016006402561,4.00801603206413,3.85232784484827,4.16453460398599,4.0016006402561,4.5468323734465,4.00228702115495,4.18410041841004,4.16840350145894,4.00240160115287,3.84837420444472,3.97379912663756,3.97379912663756,3.84763370527126,3.84763370527126,3.86100386100386,3.71747211895911,4.18109130509543,4.00939802897993,4.50151607034567,4.00320256204964,3.78619153674833,4.0016006402561,3.88847138659262,3.84763370527126,3.75214447043397,3.604069667184,3.50877192982456,3.71747211895911,4.01606425702812,3.70507595405706,3.62113600005994,3.52526926263463,3.86482812196544,3.50877192982456,3.71051463072503,3.57270453733476,3.63636363636364,3.63578488095171,3.5827186512118,3.57270453733476,3.84763370527126,3.50938761186173
35,"Montana",44,5.79345088161209,5.61836004384408,5.97596571854428,6.4743967039435,5.71428571428572,5.95835523012064,5.75539568345324,5.45653910791525,5.55864369093941,4.71571906354515,4.84429065743944,4.83870967741935,4.90392894924595,5.20446096654275,5.05555555555556,5.27662837218467,5.29824561403509,4.91608485499463,5.40540540540541,5.0125313283208,4.70746343292912,5.00312695434647,5.01002004008017,4.65116279069767,4.5475216007276,4.80952380952381,5.005005005005,4.49438202247191,5.04254668630376,4.80295748613679,4.71571906354515,4.17536534446764,3.92156862745098,4.05787805057878,4.04142486002011,4.08484148376332,4.16840350145894,3.71747211895911,3.82113821138211,4.5565212095543,4.0016006402561,3.86100386100386,3.80173243503369,3.35483870967742,3.57355568790947,3.60130956711532,3.63768643142961,3.86100386100386,3.57398141529665,3.45065562456867,3.67137355584082,3.70535085174741,4.21134982453137,3.584229390681,3.84763370527126,3.70507595405706,3.70507595405706,3.77358490566038,3.86100386100386,3.71127403650808,3.63855421686747,3.51351351351351,3.54937988898456,4.34908669179472,3.70370370370371,3.4453781512605,3.33444481493831,3.44086021505376,3.71747211895911,3.46020761245674,3.41578327444052,3.44827586206896,3.35923107955234,3.05332572243796,3.16074226504831,3.68852459016393,3.279584238955,3.50877192982456,3.57142857142857,3.41934516799075,3.2258064516129,3.48706411698537,3.47490347490348,3.51000351000351,3.24675324675324,3.19273104365069,3.06320279177976,3.38571428571428,3.24731182795699
13,"Delaware",45,4.37412750116333,4.29596719070403,4.26439232409381,4.79612296329369,4.34782608695652,4.4485294117647,4.29596709750087,4.16840350145894,4,4.0016006402561,4.34971726837755,4.41010928764936,4.49289863219037,4.34971726837755,4.38393645189762,5.06457330969866,4.73922362467254,4.739336492891,4.54560951469831,4.25531914893616,4.17461983434619,4.28571428571428,4.00106695118698,4.13131894530042,4.18207688043429,4.0595399188092,4,4.32052302200048,4.14538812921458,4.01606425702812,3.36134453781513,3.33722760081568,3.52315840512678,3.7735709235347,3.59008209839029,3.58620689655172,3.57398141529665,3.63636363636364,3.63928519257925,3.84763370527126,3.81499378915171,3.60178945564779,3.4494653328734,3.24202060819301,3.125,3.46206896551724,3.22696306920043,3.26884589726484,3.2258064516129,3.22684737011939,3.33555703802535,3.65296803652968,3.51726363343013,3.23101777059773,3.16333118140736,3.03214069132808,3.12597686777117,2.98063255152807,3.08415280672551,3.19091400757167,3.09090909090909,3.22684737011939,3.03122158229766,3.13490574466184,3.13676286072773,3.33444481493831,3.15334183208887,3.01003344481605,3.03214069132808,3.06060606060606,3.12152004454343,3.12695434646654,3.08919382504288,3.12695434646654,3.23101777059773,3.50877192982456,3.33381490454554,3.12509765930186,2.98507462686567,2.98940642439181,3,2.98596595998806,2.91428571428571,2.90697674418605,2.85795941697627,2.83333333333333,2.94117647058824,3.03214069132808,3.22788896061975
52,"South Dakota",46,4.1095890410959,3.65461847389559,4.0016006402561,4.19402447961849,4.00320256204964,4.11240575736807,3.6705668369044,3.62007168458781,3.47365910763237,3.70404670275017,3.45065562456867,3.57398141529665,3.54535974973931,3.86100386100386,3.92310710082385,4.18355347717887,3.71057513914657,3.45065562456867,3.33555703802535,3.2371293580971,3.45065562456867,3.49819059107358,3.6354542423232,3.57142857142857,3.62759074459919,3.84800384800384,3.53356890459364,4.17712110161536,3.68770088151312,3.77686875043703,3.73654211526282,3.48209847355084,3.6153043995992,3.41772151898734,3.51185250219491,3.38983050847458,3.45065562456867,3.33555703802535,3.65519189839085,3.64781788910062,3.60370889823906,3.47672588380167,3.09090909090909,3.06205837603726,3.4494653328734,3.33555703802535,3.23700623700623,3.42691474916511,3.27141922825376,3.33778371161548,3.33555703802535,3.48050794419882,3.6979969183359,3.22841000807103,3.28000000000001,3.04480208786428,3.01003344481605,3.27566593419106,3.11729298844965,3.34448160535117,3.22788896061975,3.15782359354364,3.26345520669694,3.73134328358209,3.28012959195755,3.14846209736014,2.92221271748275,3.09005191860118,3.36134453781513,3.03352102851684,3.22788896061975,3.1014350569406,3.0258662762323,2.94117647058824,3.02066990980034,3.14767704510833,3.00166759310728,3.07692307692308,3.17460317460317,3.15900315900316,3.16925003846056,3.03122158229766,2.97843965325628,3.2258064516129,2.98455056179775,3.07049496464538,2.91428571428571,3.584229390681,2.81081081081082
3,"Alaska",47,3.13953488372093,2.98305221858189,2.85830951408739,3.00864986837157,3.1075201988813,3.10077519379846,2.78466718604795,2.77816368744405,2.80601870679138,3.03214069132808,2.89130008274262,2.86532951289399,2.87609588442607,2.76712328767124,2.9086678301338,3.14152180349364,2.78551532033426,3.08391608391608,2.57861635220126,2.78551532033426,2.67256637168142,2.84857142857143,3.03490136570561,2.86730384529895,2.86532951289399,2.68374529382878,2.80777537796977,2.71286231884058,3.11011904761905,2.77932184546971,2.88897543605864,2.44743820824326,2.5974025974026,2.70306803153518,2.55319148936171,2.82685512367491,2.65917602996255,2.61538461538462,2.71409795643021,2.91428571428571,2.85795965041248,2.73972602739726,2.5706940874036,2.4822695035461,2.50078149421694,2.66150820272001,2.5974025974026,2.63224598851231,2.63296471827278,2.38208670795617,2.17485863418878,2.44698368344893,2.61541324005508,2.64650283553876,2.34042553191489,2.38123589516778,2.32274185762558,2.47678018575851,2.5974025974026,2.63690827254385,2.525,2.56410256410257,2.34042553191489,2.44530244530244,2.35841970857744,2.19565217391304,2.29323308270676,2.12856534695615,2.28041602377279,2.34845030658287,2.5974025974026,2.60586319218241,2.4390243902439,2.32666356444858,2.23976741534603,2.753104662427,2.40641711229946,2.27790432801822,2.63296471827278,2.4734106357457,2.44698368344893,2.5106044101399,2.27583256419101,2.38095238095238,2.35363342159459,2.35632183908046,2.27021373351523,2.18261214767765,2.17843352962747
37,"North Dakota",48,3.57398141529665,3.33704115684094,3.28006728343145,3.83647798742138,3.28478702674725,3.03214069132808,3.28727965697951,2.85714285714286,2.87976961843053,2.8883669592895,3.20706870921939,3.45065562456867,3.19091400757167,3.23276237454757,3.07692307692308,3.09090909090909,3.19091400757167,3.22788896061975,3.12695434646654,2.79329608938548,3.10662078291166,3.41300903923213,3.45065562456867,3.33027189075848,3.38327694538424,3.22788896061975,3.57227911407478,3.22788896061975,3.18906605922551,4.00240160115287,3.81679596630556,3.47490347490348,3.09090909090909,3.25679007868876,3.57398141529665,3.65564074479737,3.36134453781513,3.2546786004882,3.25581395348837,3.73984967874216,3.12646560711886,3.53824160114368,3.26884589726484,2.85836793032919,3.08046661858321,2.67379679144385,3.02920750741358,3.03122158229766,3.42019060015634,3.22667407034652,2.88969158099472,2.75152862701501,3.05225381715356,3.44827586206896,3.04878048780488,2.84641963541046,2.86326542277385,3.07381507381507,3.01386500799986,3.2355661019315,3.22653505426863,3.13725490196078,3.31199580353569,3.10233819044392,3.05235137533275,3.2258064516129,3.17647058823529,3.09090909090909,3.03030303030303,3.07222561745364,3.09978981082975,3.03076230630034,2.78241858290199,2.87027257703354,3.05064063453325,3.03214069132808,5.29100529100529,2.80269058295964,2.69719099385603,2.86284022845936,2.6578947368421,3.0188679245283,2.88543681553376,2.85755113705957,2.9169968717414,2.94117647058824,2.85877644368211,2.98345091760235,2.64347826086957
58,"Vermont",49,6.12244897959183,5.88928150765606,6.25195373554236,7.05965407695023,5.85026737967915,5.55864369093941,5.76481465802176,5.89276010007622,5.16442699682923,5.83714966111009,5.88581518540318,5.76923076923077,5.7054189544044,5.91715976331361,5.88928150765606,6.37480213650253,6.37168141592921,5.52763819095478,5.58090558090558,5.0335712174317,5.55555555555556,5.45652964714441,5.71959463710207,5.57103064066853,5.71755288736421,5.49090909090909,5.35694970254191,6.25782227784731,5.71428571428572,5.55555555555556,5.3921568627451,5.55864369093941,4.84429065743944,5.2654673507754,5.13489991296779,5.23809523809524,5.16332982086407,5.18134715025906,5.29641716428273,5.75539568345324,5.66706811186939,5.88523791831947,4.97211895910781,5.00178635226867,4.96524329692155,4.81481481481482,5.01792114695341,5.00250125062531,5.02152338754706,5.26592943654555,5.69811320754717,5.71755288736421,5.88581518540318,5.78922576046799,5.33192752264917,5.27704485488126,5.01792114695341,4.85281385281385,4.87804878048781,5.02435691935318,5.26801448651949,5.40540540540541,5.67297686955432,5.9454377072243,5.78034682080925,5.01688361767986,5.40832882639265,4.82993197278911,4.76507936507936,5.0251256281407,4.6792666201487,4.95727834427929,5.00187578160173,4.97275204359673,5.02645502645502,5.91522898912215,5.26870389884089,5.02130813414861,4.58463937906854,5.00375312781516,4.54959053685169,4.63378176382661,4.46262612851832,4.81382451970687,4.64442197505898,4.59051724137931,5.24590163934426,5.0251256281407,5.39374325782093
12,"District of Columbia",50,5.77889447236181,4.94532627865961,5.41184716106796,4.94310939093517,5.29100529100529,4.64156781846312,5.18582928447209,4.21315789473684,4.69483568075117,4.78616788685373,4.19932990269161,4.39475713184272,4.48548812664907,4.53677528145613,4.37436419125127,4.13698630136986,4.34782608695652,4.25577193880092,4.2197097836731,3.91072625698324,4.00320256204964,4.17536534446764,4.44988765135137,4.12059091124778,4.05175109443402,4.01543953592147,4.35256228095103,4.23728813559322,3.41880341880342,4.1041012940401,4.29184549356223,4.54545454545454,4.18059187587169,5.00834724540902,4.18253485445712,3.85185185185185,4.40588884084953,3.70396709691948,3.90117035110533,3.80986937590711,3.6042530185619,3.51724137931034,3.50043755203088,3.71851851851852,3.76222723852521,3.84911470361817,3.86100386100386,3.86719881854805,3.84615384615384,3.82765531062125,3.84615384615384,3.83875625835927,3.84764536962457,4,4.07669306655551,3.76179245283019,3.83690457838755,4.00040005120819,3.78181298255648,3.59490525007766,3.77358490566038,3.72400513478819,3.57550093363092,3.77639360765069,3.7827352085354,3.7290271071421,3.17033294049046,4.00667779632721,3.70370370370371,3.63636363636364,3.33667148927216,3.7328094302554,3.65304420350292,3.33370374486054,3.26682812786046,3.07929176289453,3.25806451612903,3.60468910379605,3.61881785283474,2.96768636713708,3.53931475337651,3.16757613096286,3.33333333333333,3.11551119214577,3.46020761245674,3.40947834981248,3.33364893138943,3.33377783704494,3.63636363636364
62,"Wyoming",51,5.33606743264644,4.47227224748447,4.76417341591234,5.00061342166606,4.54545454545454,5,4.54545454545454,4.84429065743944,4.65116279069767,4.00296515937731,3.84615384615384,4.5346062052506,4.68855684683023,4.17712110161536,4.47284345047924,4.69483568075117,4.68227424749164,4.08715741252665,4.06840140535792,3.84810126582279,4.03225806451613,4.00725099853894,3.57398141529665,3.72593148287071,3.72869347803964,3.49146211833085,3.87295124333094,4.47928393878256,4.3507972665148,3.44827586206896,3.39255857381712,3.38368580060423,3.3140772271207,3.46020761245674,3.63636363636364,3.70851218039611,3.57270453733476,3.22788896061975,3.25068713596035,4.05336069779374,3.70370370370371,3.50563685840763,3.44162560798433,3.05555555555556,2.99267558649697,3.10651004587882,3.22788896061975,3.2031746031746,3.28727965697951,3.26530612244897,3.13689446366782,2.98002219755827,3.63702491362066,2.90237467018469,3.2258064516129,3.23886639676113,3.35974643423138,3.0539013589861,3.33667148927216,3.03875866813801,3.16950757575757,3.17561130517625,3.37595907928389,3.28358208955224,3.51031154014919,3.24324324324324,3.13725490196078,3.4494653328734,3.16866094314913,3.24384384384385,3.22615338713146,3.50677558712439,3.67394284509122,3.20682553692262,3.23085990319545,3.81132075471698,3.84809569878948,2.74824139207701,3.24324324324324,3.00970873786408,3.03122158229766,3.37784442337355,3.3522573668559,3.08950093375806,3.25240888144114,3.10679611650485,3.50877192982456,3.92156862745098,3.37777777777778
