"RegionName","SizeRank","2010-02","2010-03","2010-04","2010-05","2010-06","2010-07","2010-08","2010-09","2010-10","2010-11","2010-12","2011-01","2011-02","2011-03","2011-04","2011-05","2011-06","2011-07","2011-08","2011-09","2011-10","2011-11","2011-12","2012-01","2012-02","2012-03","2012-04","2012-05","2012-06","2012-07","2012-08","2012-09","2012-10","2012-11","2012-12","2013-01","2013-02","2013-03","2013-04","2013-05","2013-06","2013-07","2013-08","2013-09","2013-10","2013-11","2013-12","2014-01","2014-02","2014-03","2014-04","2014-05","2014-06","2014-07","2014-08","2014-09","2014-10","2014-11","2014-12","2015-01","2015-02","2015-03","2015-04","2015-05","2015-06","2015-07","2015-08","2015-09","2015-10","2015-11","2015-12","2016-01","2016-02","2016-03","2016-04","2016-05","2016-06","2016-07","2016-08","2016-09","2016-10","2016-11","2016-12","2017-01","2017-02","2017-03","2017-04","2017-05","2017-06","2017-07","2017-08","2017-09","2017-10","2017-11","2017-12","2018-01"
"California",1,1.74671519194501,1.68234627551253,1.68921779527199,1.66666666666667,1.65238678090575,1.66351301678685,1.64088026685793,1.66206258016043,1.69565217391304,1.68726235741445,1.70848321342926,1.63879598662207,1.61959134615385,1.60381141153864,1.60923276983095,1.62659123055163,1.62669454416018,1.60693791671221,1.6,1.58608490566038,1.58407798537774,1.59279778393352,1.59520348837209,1.61153428025324,1.61748013620885,1.61512027491409,1.56626506024096,1.55601659751037,1.57693348513698,1.5748031496063,1.58022690437601,1.58507223113965,1.5818858560794,1.581,1.57251019219569,1.56954912722265,1.58275862068966,1.58180113799616,1.58542768349762,1.59629248197734,1.58849557522124,1.6060409694078,1.64424514200299,1.65827334219765,1.68999061489002,1.68539325842697,1.70454545454545,1.69569430401079,1.68954593453009,1.69117647058824,1.69361046959199,1.73804537089248,1.76151761517615,1.77323939808394,1.79252486406497,1.80368648683412,1.79157003465498,1.80198785742264,1.80764115770817,1.81355393311352,1.82964094728801,1.83519918091312,1.89035916824197,1.89133425034388,1.89550949913644,1.92610062893082,1.93248684544414,1.93661971830986,1.94501590432347,1.93981481481481,1.97566918325326,1.99523350714124,2.0125786163522,2.02620311557221,2.01925974869013,1.98218021518231,1.9773145309626,1.9779591597427,1.98789780367548,2.02499795434089,1.99939393939394,2.02290076335878,1.95652173913043,2.05349794238683,2.09713024282561,2.14362272240086,2.17647058823529,2.19496449322143,2.18215460526316,2.17454545454545,2.18992248062015,2.1978021978022,2.19298245614035,2.19704698011911,2.20797720797721,2.20972278023303
"Texas",2,1.17158903733529,1.15213316095669,1.19363395225464,1.14003992901508,1.13445378151261,1.13122171945701,1.05654761904762,1.01581027667984,1.07458042219698,1.07095898836183,1.05851304120402,1.06577344701583,1.04575163398693,1.047976011994,1.08267716535433,1.07256512168071,1.06779432975265,1.04518290366994,1.0119940029985,1.00334448160535,0.999299229152067,1.00710900473934,1.00446440828205,1.04166666666667,1.09769484083425,1.0752688172043,0.985169491525424,0.95871780583863,0.995895006244295,0.994764397905759,1,1.03056458543512,1.04,1.05278991703084,1.02564102564103,1.01670367399451,1.02096071467799,1.0311436045192,1.013074470433,1.04878048780488,1.05480868665977,1.10625,1.12847222222222,1.13611682047597,1.1501042390549,1.14738170717389,1.13844086021505,1.09846153846154,1.09942638623327,1.1001497005988,1.10045146726862,1.14354066985646,1.150287761513,1.15803814713896,1.16229923922232,1.17859487852922,1.15185185185185,1.13670780386819,1.13636363636364,1.15146791287658,1.15207977207977,1.16666666666667,1.2096899998669,1.20954692556634,1.22488438781613,1.23722936694769,1.24109406693712,1.22362869198312,1.22400756143667,1.21025061102397,1.19548872180451,1.22549019607843,1.22448979591837,1.24627893790256,1.24376554726368,1.22730542838457,1.21359223300971,1.22488438781613,1.2434554973822,1.21546855921856,1.21602698884785,1.20833333333333,1.20537820143731,1.21870286576169,1.24357239512855,1.23134328358209,1.25502008032129,1.29032258064516,1.29203539823009,1.27857142857143,1.26597118728266,1.27692307692308,1.27571363473619,1.26742712294043,1.26599328895679,1.26315789473684
"New York",3,,,,,,,,,,,,,,,,,,,,,,,,,,,,,,,,,,,,,,,,,,,,,4.26948288419519,4.55252970133922,4.54545454545455,4.56317204301075,4.53977272727273,4.52560327198364,4.5,4.52452830188679,4.58661417322835,4.54545454545455,4.53074433656958,4.47797716150082,4.49293966623877,4.45091040007463,4.50515644234261,4.61057692307692,4.62945736434109,4.625,4.67107894832539,4.73600666484271,4.73457675753228,4.68384074941452,4.62582982976276,4.6218487394958,4.54545454545455,4.54852346218948,4.52127659574468,4.53917050691244,4.58715596330275,4.61834279918569,4.67245638952842,4.64864864864865,4.53917050691244,4.51612903225806,4.5,4.39698492462312,4.41472633265799,4.47042640990371,4.22330097087379,4.55648610329959,4.70505617977528,4.75,4.80898677930582,4.82758620689655,4.7909263867738,4.74375,4.66666666666667,4.68483816013629,4.57583306546662,4.55347436948109,4.54183266932271,4.53064504220139
"Florida",4,,,,,,,,,,,,,1.36363636363636,1.35294117647059,1.3526082803091,1.33586187937141,1.31428571428571,1.31578947368421,1.3125,1.33928571428571,1.33136094674556,1.34112792297111,1.33333333333333,1.31147540983607,1.31578947368421,1.328125,1.31944444444444,1.30952380952381,1.34328358208955,1.33234641006662,1.34557523321485,1.35,1.33630289532294,1.33481646273637,1.32530120481928,1.3172338090011,1.33333333333333,1.3375295043273,1.32978723404255,1.31868131868132,1.31868131868132,1.3953488372093,1.38075313807531,1.43497757847534,1.52972027972028,1.54187024060323,1.5625,1.52406417112299,1.47058823529412,1.42857142857143,1.39968895800933,1.45523412591081,1.47058823529412,1.49918962722853,1.51260504201681,1.52994791666667,1.51024811218986,1.48630314521041,1.48715887542254,1.51247938575773,1.51515151515152,1.51322031359233,1.52714932126697,1.63204747774481,1.68181818181818,1.70103092783505,1.75289754955577,1.69651272384543,1.7369074049889,1.74100925189017,1.75438596491228,1.74311926605505,1.7797919463727,1.76470588235294,1.70068027210884,1.65184243964422,1.63304514889529,1.59090909090909,1.59156342158591,1.61153519932146,1.60668380462725,1.81273860995326,1.55669016518073,1.63265306122449,1.65598290598291,1.66976312723821,1.64893617021277,1.66284403669725,1.67673798743975,1.69897959183673,1.76190476190476,1.77966101694915,1.78921568627451,1.79978131363509,1.81159420289855,1.79787234042553
"Illinois",5,,,,,,,,,,,,,,,,,,,,,,,,,,,,,,,,,,,,,,,,,,,,,,,,,,,,1.47058823529412,1.42791370691923,1.41469594594595,1.38888888888889,1.41458333333333,1.4,1.4,1.39208074534161,1.37755102040816,1.39784946236559,1.42017629774731,1.36363636363636,1.38888888888889,1.38099106417547,1.4375,1.44400699912511,1.4,1.39130434782609,1.38254486133768,1.40740740740741,1.40740740740741,1.50564557491024,1.45909367396594,1.5,1.47058823529412,1.44927536231884,1.48504273504274,1.4375,1.49166666666667,1.43257575757576,1.41304347826087,1.43888888888889,1.4375,1.41666666666667,1.40740740740741,1.46323529411765,1.48816526610644,1.47136141522855,1.49094781682641,1.5,1.5,1.47916666666667,1.47272727272727,1.4995,1.46593406593407
"Pennsylvania",6,1.44306800210859,1.45756457564576,1.43540669856459,1.38888888888889,1.36484426342254,1.40340611769183,1.45501245330012,1.39335664335664,1.46017699115044,1.3894422310757,1.32743362831858,1.5,1.41766630316249,1.40063694267516,1.40006305458334,1.40508772847823,1.42045454545455,1.39317912381793,1.3967803030303,1.40350877192982,1.3760593220339,1.375,1.3731884057971,1.27234042553191,1.375,1.40610328638498,1.45379023883697,1.42857142857143,1.45454545454545,1.45454545454545,1.36150234741784,1.32743362831858,1.31577654580176,1.30173796791444,1.27272727272727,1.27272727272727,1.27272727272727,1.29166666666667,1.32698212028174,1.32093933463796,1.30890052356021,1.25,1.22340425531915,1.30145278450363,1.41216781507628,1.41459215384782,1.37469477474252,1.36315789473684,1.40196185484458,1.39990716857937,1.41891891891892,1.53631284916201,1.51566201094503,1.48242578961919,1.38136511375948,1.37931034482759,1.35714285714286,1.36159872976209,1.34109311740891,1.3378895656082,1.37250410716542,1.44194292050893,1.52322924600152,1.51960784313725,1.46573856251276,1.45512082853855,1.4162077104642,1.35714285714286,1.35435070671378,1.34093915343915,1.33657351154313,1.35895947657239,1.34462151394422,1.37596227820135,1.41935483870968,1.475,1.48072590394549,1.44422310756972,1.42105263157895,1.4478221415608,1.37413838812301,1.36363636363636,1.3558153664008,1.40817062316212,1.44657045503163,1.57871135237196,1.59459459459459,1.61290322580645,1.63636363636364,1.61944464715756,1.6,1.58783783783784,1.53571428571429,1.48725212464589,1.47569444444444,1.48148148148148
"Ohio",7,,,,,0.761421319796954,0.805719954552392,0.775401069518717,0.789076681548349,0.801376146788991,0.757575757575758,0.758787878787879,0.783783783783784,0.797165633303809,0.785462705792376,0.806451612903226,0.830078125,0.813609467455621,0.833333333333333,0.824652777777778,0.825660092369361,0.79982126899017,0.814020517935079,0.814814814814815,0.797872340425532,0.8146174387786,0.827832960669648,0.785714285714286,0.791008042151969,0.793650793650794,0.829047889232788,0.802286198137172,0.794314381270903,0.8,0.813692480359147,0.789293067947838,0.787878787878788,0.79,0.797872340425532,0.818847209515096,0.835129310344828,0.8,0.793972045796863,0.806451612903226,0.840336134453782,0.867381111855325,0.863636363636364,0.863636363636364,0.852272727272727,0.858588531727099,0.8583984375,0.865147002914713,0.878267973856209,0.889756944444444,0.873393752574684,0.869094627616248,0.873489609428449,0.877337733773377,0.87156636709483,0.892058303018386,0.876808271455196,0.886316084070778,0.904255319148936,0.904255319148936,0.929112181693049,0.941062637647364,0.94042259647762,0.927513927347046,0.941985645933014,0.937706459089476,0.93167701863354,0.91494540167776,0.927453227200809,0.936491935483871,0.949913644214162,0.96812707641196,0.931662391490225,0.957661290322581,0.947368421052632,0.943396226415094,0.910830999066293,0.931414130084265,0.89247557997558,0.910947712418301,0.938566552901024,0.916666666666667,0.945619335347432,0.962512664640324,0.957107300884956,0.980392156862745,0.980392156862745,0.985176034589253,0.985419558513264,0.983606557377049,0.967926689576174,0.968070652173913,0.958466453674121
"Michigan",8,0.883333333333333,0.888036955573392,0.891623506683,0.888681010289991,0.895679662802951,0.883187958974995,0.876769037055912,0.874243443174176,0.892857142857143,0.894454382826476,0.896487233696536,0.884244372990354,0.866666666666667,0.872600644340363,0.893426930440332,0.895140664961637,0.910904696989605,0.910596026490066,0.904977375565611,0.903060072267389,0.866666666666667,0.877450980392157,0.91304347826087,0.916784203102962,0.910596026490066,0.911161731207289,0.923076923076923,0.909295033915671,0.901442307692308,0.901442307692308,0.914599398771402,0.935374149659864,0.919499476348403,0.92814371257485,0.91571030257134,0.915562044602474,0.925422157739894,0.934903047091413,0.92378752886836,0.909090909090909,0.924846021918281,0.927487352445194,0.933333333333333,0.949422442244224,0.963302752293578,0.958333333333333,0.961538461538462,0.9506564056134,0.956361652309649,0.956632653061224,0.958962941845996,0.981760488050105,0.977394916911046,0.998263888888889,0.98596256684492,1,1.00671140939597,1,1,1,1.00110040965746,1.01108000461787,1.02551582532051,1.03754012369843,1.02683412998072,1.02746212121212,1.02912575112472,1.02230483271375,1.02040816326531,1.02377573836552,1.02476515798463,1.02452838920162,1.04166666666667,1.04166666666667,1.03701350698512,1.03719071768864,1.03742718719886,1.0377358490566,1.02420856610801,1.02420856610801,1.02473498233216,1.02107364685004,1.00692945388577,1.02622950819672,1.04166666666667,1.0565781049936,1.07595331432644,1.09090909090909,1.09364319890636,1.09179305055282,1.08695652173913,1.09489051094891,1.08830845771144,1.0793386863272,1.07705053852527,1.08830845771144
"Georgia",9,,,,,,,,,0.98641975308642,0.967741847150432,1.03676220863721,0.98290846010829,0.994897959183674,0.980325212134455,0.971133604182365,0.96875,0.958702064896755,0.913461538461538,0.907074165494422,0.904255319148936,0.892857142857143,0.873015873015873,0.883955223880597,0.858906806770327,0.884244372990354,0.915291211101766,0.872420385501781,0.865384615384615,0.873222781117518,0.882808066438704,0.85154028436019,0.833333333333333,0.852730760550666,0.836499634818963,0.786713286713287,0.789206368064631,0.788816612946113,0.780711825487945,0.80440251572327,0.789473684210526,0.787589383938394,0.790719696969697,0.842951492951493,0.854154849688032,0.84985835694051,0.828402366863905,0.837138508371385,0.809800664451827,0.804689843984398,0.807531380753138,0.827586206896552,0.875,0.833333333333333,0.839916016796641,0.867087276550999,0.888415067519545,0.888415067519545,0.892099199611933,0.904420428855244,0.937072266011116,0.938282554257095,0.923335202209336,0.91844232182219,0.953281212591535,0.974025974025974,0.964374528366605,0.911764705882353,0.866179624563292,0.864844425237684,0.816993464052288,0.857142857142857,0.858771929824561,0.892857142857143,0.928792569659443,0.920542635658915,0.94810379241517,1,1,1.0008347245409,1,1.0022271714922,1,0.961538461538462,0.95991241002515,0.98409779923647,1.04761904761905,1.11528838989501,1.12781954887218,1.17496361872423,1.20300751879699,1.21359223300971,1.171875,1.125,1.10294117647059,1.08771929824561,1.10169491525424
"North Carolina",10,0.881317315658658,0.905923039112422,0.995469367588933,1.075,1.036866359447,0.9375,0.87719298245614,0.92669013962961,0.960610932475884,0.973948922863099,0.924062180703547,0.758928571428571,0.772594752186589,0.782608695652174,0.781739130434783,0.791847838679034,0.767635773317592,0.763016157989228,0.766982463213062,0.742521367521368,0.739655613059868,0.74702772556391,0.750419463087248,0.747816740336309,0.774193548387097,0.767284688396345,0.761648745519713,0.764705882352941,0.771055753262159,0.761434331797235,0.770201039053307,0.762910798122066,0.759275237273512,0.755,0.735294117647059,0.767195767195767,0.770303527481542,0.771730300568643,0.772599591419816,0.777615808228053,0.780135823429542,0.804195332934498,0.8,0.791396103896104,0.772677102147301,0.785895200132868,0.773514851485149,0.772077922077922,0.763358778625954,0.772797527047913,0.78125,0.811240844738547,0.812458185373887,0.795530131948373,0.777706873718387,0.773877361654648,0.776006711409396,0.775,0.771228304405875,0.791484716157205,0.797607178464606,0.808823529411765,0.818260120585702,0.807899461400359,0.805331914368561,0.796135909393737,0.802615933412604,0.793435078572872,0.828664658185085,0.795940170940171,0.833333333333333,0.82823386138332,0.826797385620915,0.835363172202677,0.840394799632203,0.856506265366008,0.851156910132474,0.865384615384615,0.85,0.876106633807068,0.860046911649726,0.875311646302223,0.884303610906411,0.918891170431211,0.936883629191322,0.952794271769187,0.954861111111111,0.945626477541371,0.964388755951046,0.994318181818182,0.990091457658352,0.994200497100249,0.992820512820513,0.997122296759864,1,0.996927307211304
"New Jersey",11,,1.41593714967766,1.46666666666667,1.46666666666667,1.396938274699,1.32420091324201,1.27853881278539,1.34946043165468,1.40771637122002,1.39509931130851,1.41454965357968,1.46789485024779,1.43897507492977,1.44646780147356,1.51155291863208,1.5,1.50065274151436,1.51479849755712,1.51515151515152,1.5,1.47182506307822,1.56402737047898,1.62037037037037,1.60377358490566,1.63970759214045,1.6490765171504,1.68178576816006,1.62568306010929,1.61150018910495,1.58353127474268,1.56576200417537,1.56756756756757,1.56316039729501,1.55662782737472,1.5625,1.55555555555556,1.6,1.66666666666667,1.67325829023426,1.68367346938776,1.6,1.63656884875847,1.6101511026946,1.59574468085106,1.53911731228542,1.54480233321511,1.54213333635324,1.55141843971631,1.56599552572707,1.57342657342657,1.59883720930233,1.65460186142709,1.64334637964775,1.64502443424561,1.61633347511697,1.59395973154362,1.58873538788523,1.58013544018059,1.59574468085106,1.62850394241181,1.64007092198582,1.70364500792393,1.7314702308627,1.72092789647241,1.73333333333333,1.70015455950541,1.65934725175839,1.64410058027079,1.64713956962332,1.62913143298782,1.64472245263475,1.70940170940171,1.68269230769231,1.72413793103448,1.76643768400393,1.77986571840552,1.77642980935875,1.71130952380952,1.64396809835457,1.69158143194335,1.6793893129771,1.66284403669725,1.671681898664,1.73469387755102,1.72248803827751,1.71180107223594,1.7472335468841,1.78149359688196,1.79445806807199,1.77917320774464,1.75566934893928,1.77247843094246,1.75,1.7564775519321,1.75746924428822,1.77209222210881
"Virginia",12,1.27298444130127,1.30382031407907,1.2025012025012,1.19151251360174,1.22705741969895,1.23416570991198,1.1710646732058,1.20761494252874,1.26228684041184,1.31289405889132,1.29767140750868,1.25679347826087,1.24309392265193,1.25561442525728,1.29354965374456,1.31350754651594,1.32837407013815,1.3249195848937,1.33010882708585,1.3034039869012,1.25,1.26682986536108,1.2468312318761,1.26086956521739,1.24548476005188,1.24398073836276,1.25260960334029,1.29343629343629,1.31898498214661,1.33049494411921,1.3093671679198,1.33526081593092,1.34033613445378,1.36971411554497,1.35467883639654,1.34486071085495,1.35117434507678,1.36170212765957,1.35256988277728,1.34920634920635,1.34005763688761,1.34393550795314,1.37514101084398,1.39388489208633,1.43960905349794,1.4367816091954,1.41673243883189,1.38678928830995,1.38631020814386,1.38150903294368,1.38613861386139,1.43330004734302,1.41983937831093,1.41777777777778,1.41089108910891,1.40483383685801,1.4003918453271,1.38888888888889,1.37318255250404,1.38400702987698,1.39776357827476,1.42045454545455,1.43240823634736,1.43229166666667,1.4249074967433,1.44694533762058,1.45825338961371,1.46846118778234,1.45353654282226,1.44673123486683,1.43910968128331,1.44972166772157,1.44110275689223,1.45502645502646,1.45253260619256,1.48305084745763,1.45147353204099,1.48953301127214,1.46702492472399,1.4957264957265,1.45743317963996,1.45914713541667,1.38449367088608,1.42166297481336,1.43983999792036,1.43589743589744,1.47858319604613,1.51030471004596,1.5,1.51085930122757,1.50793650793651,1.50179856115108,1.51515151515152,1.51518224844797,1.51209677419355,1.49842271293375
"Washington",13,,,1.26475548060708,1.19575253924284,1.21765601217656,1.17943548387097,1.26404494382022,1.25965220543045,1.25164690382082,1.15988421871437,1.12995012741741,1.15354508883674,1.16279069767442,1.17850110746697,1.19047619047619,1.22689328214447,1.20756660916235,1.18652849740933,1.20192307692308,1.17846854527506,1.19444444444444,1.20450258211699,1.19748920297622,1.17601189652484,1.19016799292661,1.17677696078431,1.15972222222222,1.13333333333333,1.18876941457587,1.19003424657534,1.1954261954262,1.1519624897944,1.1975980980981,1.17966436327739,1.18024720140154,1.17030768187249,1.15384615384615,1.14285714285714,1.16498740554156,1.2006243419558,1.17309386953997,1.21042838091119,1.23,1.23,1.26715069807098,1.27906976744186,1.25254902322455,1.27118644067797,1.23367198838897,1.25716338259442,1.27064803049555,1.27616207790388,1.26114765459028,1.25649913344887,1.29312691812692,1.31286478599222,1.32351461711445,1.31979695431472,1.31361911074706,1.36718833446554,1.41843971631206,1.47637795275591,1.43557422969188,1.48846153846154,1.47242799151929,1.55217965653897,1.48148148148148,1.53605769230769,1.54013047138047,1.47771587743733,1.52670374672269,1.5480352980353,1.55913978494624,1.5521978021978,1.52915365345826,1.59090909090909,1.63685026848757,1.62381596752368,1.6008108959219,1.68461538461538,1.62980209545984,1.66458333333333,1.59090909090909,1.73095944609298,1.7329083335684,1.70220834415185,1.71773444753946,1.77281680892974,1.81473456121343,1.8168210976479,1.84954376182027,1.82741116751269,1.78571428571429,1.75983436853002,1.76715176715177,1.82188343454791
"Massachusetts",14,,,,,,,,,,,,,,,,,,,2.05513163527397,1.79487179487179,1.71679481380974,1.75824175824176,1.8232044198895,1.99649013314313,2.16640193185635,2.33055555555556,2.36363636363636,2.35690235690236,2.38095238095238,2.35732009925558,2.25332068311195,2.03921568627451,1.93832599118943,1.99348229431722,1.88691001408691,2.05482093663912,2.1797465256156,2.27272727272727,2.41935483870968,2.44360902255639,2.389486260454,2.41666666666667,2.30056818181818,2.32198142414861,2.44196749281609,2.42105263157895,2.46913580246914,2.52655758845813,2.54941020232794,2.58620689655172,2.6246719160105,2.74583008161268,2.78589196872779,2.79329608938547,2.74647887323944,2.70013501350135,2.55102040816327,2.5,2.5,2.66666666666667,2.73312210327714,2.83333333333333,2.90135396518375,2.91666666666667,2.91786853132667,2.92140212665203,2.85714285714286,2.72727272727273,2.64685343411107,2.60869565217391,2.65439753490033,2.7508389261745,2.84568912882805,2.87218830776,2.9,2.90524929236436,2.88163391736692,2.85359801488834,2.80117994100295,2.70551508844953,2.53979772847697,2.50510553464267,2.53333333333333,2.71080648357839,2.85442435775452,2.90377342662906,2.98896123233526,3.03164000800872,3,2.9639175257732,2.89735099337748,2.78688524590164,2.68924302788845,2.6984126984127,2.67691244161932,2.76150460184074
"Indiana",15,,,,,,,,,,,,0.760490334747761,0.737847222222222,0.738461538461539,0.752388535031847,0.788651380774037,0.774224013154957,0.738007380073801,0.738007380073801,0.748502994011976,0.771476587897933,0.782275720523868,0.769230769230769,0.782608695652174,0.776992936427851,0.761538461538461,0.733862986159437,0.717967164729755,0.727560625579135,0.731850117096019,0.740374795751634,0.75,0.740456113919129,0.736068111455108,0.749007936507937,0.753370340999207,0.76741440377804,0.809739550132046,0.75407824933687,0.741063644289451,0.740125377073906,0.753846153846154,0.750188536953243,0.758164852255054,0.768757687576876,0.758775241930973,0.768757687576876,0.744248042731139,0.748655913978495,0.75,0.757943604653099,0.774336283185841,0.774336283185841,0.774336283185841,0.774793388429752,0.777453838678329,0.78262115538239,0.757870304915406,0.747509482765745,0.74558346895909,0.753048780487805,0.77315337077274,0.796666666666667,0.800863131935882,0.794979079497908,0.782361308677098,0.782361308677098,0.8,0.792772861356932,0.817647058823529,0.831353919239905,0.799871423899999,0.815696649029982,0.828586446968966,0.846667520054617,0.811209439528024,0.806451612903226,0.818181818181818,0.803734995761901,0.793766876687669,0.793413173652695,0.777439024390244,0.796296296296296,0.807692307692308,0.819199612392825,0.847115910333516,0.836120401337793,0.843373493975904,0.857142857142857,0.833333333333333,0.828384798099763,0.834418604651163,0.850334323922734,0.849289684990735,0.836363636363636,0.823817072118703
"Arizona",16,1.10123227661851,0.970356616097767,0.947368421052632,0.943813131313131,0.944465432565168,0.944465432565168,0.97254004576659,0.978535353535353,0.992756273096037,1.02146566389113,1,0.963636363636364,0.927734375,0.925114148780499,0.957995295111138,0.958702064896755,0.93603744149766,0.916666666666667,0.916960553446081,0.904430291153415,0.906488549618321,0.916784203102962,0.925189393939394,0.91991341991342,0.917818740399386,0.917624966529968,0.902492416554371,0.889136904761905,0.895228734684675,0.901961367347726,0.895766985138004,0.900423728813559,0.911234747814059,0.911800227337312,0.914634146341463,0.90625,0.902777777777778,0.893697083725306,0.896168108776267,0.899705014749263,0.894736842105263,0.902059859694268,0.909090909090909,0.925925925925926,0.936700848678807,0.926935659760087,0.930645741654522,0.912576687116564,0.908675799086758,0.901041960540917,0.89988870167495,0.93861994728906,0.935,0.937949577794239,0.937604655056932,0.929614873837981,0.921166740380953,0.91931804502227,0.933046869723779,0.942211055276382,0.980304386750224,0.989652699933976,1.02371541501976,1.03108808290155,1.03663399074182,1.0248891837374,1.04775580597168,1.05548763922847,1.05461363071503,1.03668261562998,1.06432623457069,1.07615920304287,1.08277591973244,1.09051254089422,1.10497237569061,1.02705627705628,1.03254067584481,1.0462074978204,1.03579695767196,1.01180438448567,1.02764259838902,1.06262651821862,0.999286224125625,1.05624713633929,1.07789473684211,1.09953703703704,1.1316214296227,1.13247863247863,1.13090909090909,1.13903133903134,1.14008260902972,1.13578947368421,1.12867675653912,1.14122681883024,1.15592412931711,1.16370317686107
"Tennessee",17,,,,,,,0.904605263157895,0.974484256243214,0.98756782312521,1,0.923685010641532,0.885558583106267,0.829008822003114,0.808525033829499,0.84077380952381,0.815565031982942,0.817757009345794,0.847277654178591,0.893175841431806,0.846962398466246,0.793201133144476,0.791796066252588,0.817915954073732,0.831439393939394,0.845070422535211,0.858197405254091,0.860045871559633,0.843881856540084,0.85,0.848736446683173,0.848395870428149,0.836820083682008,0.828313253012048,0.831653225806452,0.835157305312098,0.858737890186429,0.833333333333333,0.832478632478633,0.856490293110011,0.856782885755484,0.84985835694051,0.842625429084544,0.833333333333333,0.857568978374348,0.84348641049672,0.855513307984791,0.856490293110011,0.833333333333333,0.831792975970425,0.833590614387157,0.84070796460177,0.863821138211382,0.884053963062716,0.886898075096726,0.900665399239544,0.892133595739755,0.902567975830816,0.895043082808549,0.888914501449594,0.90004500450045,0.926040371982382,0.927417967574076,0.965266558966074,0.929752066115702,0.90553348674483,0.89907192575406,0.906454880713895,0.906082887700535,0.931372549019608,0.925306165540541,0.939727337957426,0.955056179775281,0.976269237987988,0.982730263157895,0.987059519526854,0.964391691394659,1,1.01787330316742,0.987731152204836,0.961538461538462,0.983973432047352,0.96816062034267,0.962309542902967,0.990086367013373,1.01981351981352,1.05278637770898,1.09809663250366,1.12949039264829,1.15375406855227,1.12183533683427,1.08571428571429,1.05742296918768,1.04386339521963,1.05820105820106,1.06907894736842,1.08
"Missouri",18,,,,,,,,,,,,,,,,,,,1.05576088231843,1.05555555555556,0.984611742424242,0.987253917523004,0.966666666666667,1.00886806717983,0.961153538215188,0.939597315436242,0.946428571428571,0.941018342820999,0.941422594142259,0.93032617671346,0.931318681318681,0.904719371443187,0.881742738589212,0.896317829457364,0.85995085995086,0.85,0.842161016949153,0.867010309278351,0.885328836424958,0.868686868686869,0.864149008885851,0.881336405529954,0.86875,0.886694817867173,0.906372023318484,0.901246404602109,0.911737750357654,0.904478083924545,0.89058524173028,0.888888888888889,0.907441016333938,0.920245398773006,0.946969696969697,0.978090766823161,0.917540550053124,0.919253117913832,0.922367954626019,0.924598713384548,0.920883353051651,0.89670799919132,0.885841720499787,0.909090909090909,0.913705583756345,0.932768163307085,0.921052631578947,0.947622779519331,0.953679260848045,0.942460317460317,0.920415021361394,0.913338453661034,0.916385406621665,0.921375921375921,0.908823529411765,0.925,0.918168168168168,0.962050599201065,0.905140202934321,0.934122505011767,0.941781356824734,0.97926267281106,0.909090909090909,0.902184235517569,0.938735177865613,0.917217327459618,0.89973544973545,0.888384412282905,0.8887171561051,0.901515151515151,0.944368961352657,0.969996610446837,0.951776649746193,0.952730065633291,0.946547884187082,0.975975975975976,0.991501416430595,0.979322058055014
"Maryland",19,1.44230769230769,1.43171806167401,1.41676505312869,1.34508348794063,1.36290269451215,1.3680991829087,1.38772077375946,1.36986301369863,1.31918601019161,1.33514925163573,1.35938827527613,1.37895812053115,1.38772077375946,1.38604279730318,1.41169043374926,1.40871525169046,1.39943381547859,1.39359819162775,1.39980694980695,1.3873473917869,1.37976527873453,1.37430939226519,1.38546798029557,1.37503087841979,1.36738729830554,1.34408602150538,1.34681892057881,1.34780956213162,1.37314814814815,1.35340802987862,1.39664804469274,1.38606916272004,1.38461538461538,1.38799571275456,1.38888888888889,1.40243902439024,1.38842990379672,1.440329218107,1.41592920353982,1.40145997348479,1.37989722990245,1.39325842696629,1.40493189247252,1.42857142857143,1.43822837072493,1.43572718758362,1.41896562086789,1.41093474426808,1.40709435274386,1.40721196130167,1.41176470588235,1.44353398301633,1.42830229303477,1.43772069312256,1.44252445030173,1.42985665181085,1.3999063670412,1.4,1.40939597315436,1.42857142857143,1.43503489693232,1.44741588589459,1.4744608399546,1.47313691507799,1.48560817084494,1.48261758691207,1.48599153381223,1.46420824295011,1.45833333333333,1.4689880304679,1.46374253955415,1.46551622407276,1.46780303030303,1.4744958355269,1.48514851485149,1.49930055135157,1.48148148148148,1.47058823529412,1.48062033691521,1.47625160462131,1.4607377755158,1.4587148962149,1.46514158236455,1.48717948717949,1.50309460654288,1.51515151515152,1.52753672596541,1.54166666666667,1.54738878143133,1.5527950310559,1.54639175257732,1.51902301050572,1.52259332023576,1.52710887922388,1.5270684371808,1.52990264255911
"Wisconsin",20,,,,,,,,,,,,0.871687587168759,0.871687587168759,0.878527856958098,0.908671135357291,0.981910493540292,0.984584027576548,0.956456078530078,0.888203017832647,0.956456078530078,0.980687595423894,1.01059765122265,0.988051470588235,0.995833333333333,0.921747967479675,0.941619585687382,0.926829268292683,0.926999344890143,0.945378151260504,0.962512664640324,0.924468922108576,0.933333333333333,0.941619585687382,0.957661290322581,0.944444444444444,0.944716585024493,0.942857142857143,0.942857142857143,0.951598173515982,0.992902512731546,0.971428571428571,0.945121951219512,0.937715517241379,0.950663716814159,0.997008973080758,1.03513215143841,1.03980099502488,1.01700680272109,1.00405577269061,1.00150451354062,1.01180438448567,1.07916666666667,1.03,1.03025144270404,1.02631578947368,1.03906899418121,1.02564102564103,1.03034134007585,1.02627257799672,1.02627257799672,1.02839931153184,1.10497612329064,1.11940298507463,1.09090909090909,1.1001872659176,1.09034267912773,1.05566218809981,1.00929054054054,1.02789591106553,1.08066549766199,1.09216521301419,1.11111111111111,1.12208258527828,1.14583333333333,1.14541666666667,1.06849237058772,1.12137203166227,1.07916666666667,1.02107364685004,1.1159295913523,1.05846774193548,1.04166666666667,1.07216478696742,1.00861958354718,1.11792972459639,1.08617424242424,1.10833333333333,1.11902339776195,1.09452736318408,1.12004632012352,1.12182112988565,1.17333100103226,1.14010007147963,1.10097739504844,1.07954545454545,1.10623722831135
"Minnesota",21,,,,,,,,,,,,1.01158971471471,1.03459119496855,1.03676470588235,1.03733766233766,0.998995983935743,1.00999322493225,0.990819465261828,0.995,1.02327856657719,1.03799137104506,1.01923076923077,1.00108225108225,1,1.00666666666667,1.02982954545455,1.02074360130793,1.04560308972074,1.07265702891326,1.07905699481865,1.08565484481589,1.07361618038917,1.05673202939664,1.03690136583679,1.2,1.17857142857143,1.17992424242424,1.20096153846154,1.16455696202532,1.15126402142977,1.13796246140962,1.11538461538462,1.15014436958614,1.15863787375415,1.09108946608947,1.08247422680412,1.0667086217747,1.05421686746988,1.05123608785581,1.06896551724138,1.07045922199049,1.07277300207822,1.10683349374398,1.10821382007823,1.1121063115208,1.1108633164833,1.09560067681895,1.07758620689655,1.09529025191676,1.1197865157044,1.10648148148148,1.12962330472897,1.11363636363636,1.09558990980019,1.11235119047619,1.14795918367347,1.16982836495032,1.17728531855956,1.13871635610766,1.0812356979405,1.18183760683761,1.17857142857143,1.1536325563101,1.16341991341991,1.19940029985008,1.16303733031674,1.17876576265331,1.19907407407407,1.16421568627451,1.17366324776602,1.20188746438746,1.16666666666667,1.16322319155772,1.19170984455959,1.20065789473684,1.20323169783299,1.22609489051095,1.25,1.24120461581762,1.25426613843726,1.26587301587302,1.26629212290977,1.22994652406417,1.23453738910013,1.23333333333333,1.23655913978495
"Colorado",22,,,,,,,,,,,,,,,,,,,,,0.993130893527419,0.988520408163265,0.985915492957746,0.982672219085263,0.982142857142857,1.01522842639594,1.04166666666667,1,1.04961832061069,1.05851063829787,1.06570150334049,1.07095046854083,1.08333333333333,1.06949278461625,1.11357772774181,1.08082706766917,1.10508849557522,1.11418260146625,1.15183246073298,1.12037020160985,1.11317254174397,1.13133638657306,1.13168724279835,1.12575270890453,1.13296771985177,1.15384615384615,1.14345114345114,1.17735718140467,1.15089514066496,1.15021008403361,1.18811881188119,1.22324159021407,1.28126954346467,1.25,1.28516483516484,1.25,1.26349942574432,1.23402197335771,1.23712115185745,1.33093525179856,1.36570561456753,1.4161976990709,1.41129032258065,1.41598926861943,1.38888888888889,1.42197104496927,1.42142857142857,1.44988693785926,1.4268727705113,1.4093137254902,1.48313754413546,1.50882783882784,1.51948188080264,1.5470297029703,1.52136370011922,1.48514851485149,1.48367952522255,1.44230769230769,1.46055190513953,1.40755016029682,1.40801221804511,1.40452291882018,1.43853820598007,1.44421221783195,1.495,1.51098901098901,1.51378082766751,1.56976744186047,1.55884645362432,1.53697996918336,1.53241255716228,1.54185022026432,1.52565880721221,1.56971375807941,1.57563025210084,1.57920310981535
"Alabama",23,,,,,,,,,,,,,,0.658513640639699,0.656223628691983,0.666666666666667,0.689655172413793,0.695704779189353,0.660714285714286,0.695732838589981,0.696055684454756,0.732421875,0.730823863636364,0.744558991981672,0.7431640625,0.755764304013664,0.691489361702128,0.689975450081833,0.730769230769231,0.707142857142857,0.757575757575758,0.771604938271605,0.778019323671498,0.778617773143321,0.689903846153846,0.670842933947773,0.711030105675796,0.703245220425775,0.705889976958525,0.709723741240329,0.744419642857143,0.757934798219158,0.772929075340621,0.775143460431378,0.813637955182073,0.860323886639676,0.910871478873239,0.852490421455939,0.781739458112273,0.794251134644478,0.796743808119414,0.856223121679737,0.866425992779783,0.859106529209622,0.891181988742964,0.9,0.866088631984586,0.862068965517241,0.823142050799624,0.851900393184797,0.852017937219731,0.851900393184797,0.866425992779783,0.818418155126009,0.855361961298281,0.944444444444444,0.921904763652513,0.929430005259467,0.952380952380952,0.952380952380952,0.9375,0.943396226415094,0.909090909090909,0.897435897435897,0.898803191489362,0.833333333333333,0.919842312746386,0.844277673545966,0.886162235855487,0.863636363636364,0.83880550343965,0.886416631816396,0.945408342096039,0.925542916235781,0.962867874292778,0.878557874762808,0.950520833333333,0.977011494252874,1,0.992555831265509,0.985861248966088,0.984678404033243,0.990791956092959,0.961538461538462,0.961538461538462,0.989707046714173
"South Carolina",24,,0.962786675328078,0.9375,0.9375,0.9,0.879828326180258,0.786507378777231,0.877812252262103,0.855742869510846,0.902777777777778,0.875,0.833649229214051,0.837989872962608,0.875,0.851669678110152,0.865384615384615,0.878484838740796,0.864256607759684,0.892695768339162,0.868690299736495,0.852212519636807,0.831873905429072,0.820568927789934,0.843881856540084,0.852380952380952,0.872008774186498,0.85372726605007,0.852941176470588,0.900576368876081,0.866666666666667,0.852272727272727,0.853413654618474,0.864130434782609,0.849665856622114,0.811981339959679,0.811934285564799,0.853242320819113,0.875,0.922653041052562,0.904783870533741,0.91893093802618,0.919117647058823,0.930964343598055,0.980392156862745,0.896362007168459,0.881057268722467,0.901442307692308,0.945781811803911,0.93476215598347,0.923076923076923,0.934195064629847,0.937988790406674,0.930557780940442,0.9508356891583,0.951190476190476,0.945945945945946,0.974025974025974,1,0.975,0.964501461159332,0.977784730913642,0.980652069947809,0.962456140350877,0.985162831635861,1,1.01112234580384,1.03397366277491,1,1.00806451612903,1.00708502024291,0.999500499500499,1.02665706051873,1.03305785123967,1.04134772402531,1.00957381750701,1.08805453911185,1.08294459253618,1.04247104247104,1.003663003663,1.00223214285714,1.01817888860455,1.04965086996337,1.04364326375712,1.10169491525424,1.11051413075561,1.11082415059688,1.16351213715838,1.17302052785924,1.16666666666667,1.17860637142642,1.16137360932583,1.13143700821001,1.11699255121043,1.15480649188514,1.14335971855761,1.13849814432702
"Louisiana",25,,,,,,,,,,,,,,,,,,1.04142857142857,1.07728609005106,1.1013102000387,0.992829564258136,1,1.02958576125732,0.983606557377049,0.955618052319776,1.00694444444444,0.991803278688525,1,0.947619047619048,0.929824561403509,0.991735537190083,0.999583680266445,1,0.98326988579443,0.976962457337884,1,1,0.961538461538462,0.970496894409938,0.939338235294118,0.952882483370288,0.962348178137652,1,1,0.951293759512938,1.00446428571429,1.00446428571429,1.00223214285714,1.03030303030303,1.06,1.05860696517413,1.03840579710145,1.02264426588751,1.01085229602296,1,1,1,1,0.966297786720322,0.944206008583691,0.964285714285714,1,1,0.991452991452991,1.01136363636364,1.06060606060606,1.06288900414938,1.04347826086957,1.06601731601732,1.04880952380952,1.0459174714662,1.04347826086957,1,1.03159502593035,1.06030303030303,1.08647411616162,1.16438356164384,1.11111111111111,1.07142857142857,1.04166666666667,1.08333333333333,1.03846153846154,1.05383244206774,1.06666666666667,1.03742880390561,1.04347826086957,1.05971479500891,1.08333333333333,1.05,1.06033836599208,1.04526854219949,1.07142857142857,1.06617647058824,1.04744300677757,1.03446230462359,1.03298611111111
"Kentucky",26,,,,,,,,,,,,,,,,0.833191961875974,0.79265200933848,0.85949177877429,0.8,0.764630612416814,0.782342657342657,0.801686663189011,0.807839461008475,0.800711743772242,0.782342657342657,0.800711743772242,0.86,0.800355871886121,0.808687615526802,0.787037037037037,0.782608695652174,0.776388888888889,0.792197452229299,0.8147512864494,0.759345794392523,0.75,0.75,0.74438202247191,0.735727086533538,0.737327188940092,0.728571428571429,0.75,0.75,0.799847569511043,0.833333333333333,0.793692069263553,0.786163522012579,0.805555555555556,0.827814569536424,0.82182320441989,0.844496214327315,0.862970711297071,0.87991718426501,0.897929826005254,0.845911060863011,0.819359756097561,0.804237631792376,0.804237631792376,0.86980306345733,0.890219876511687,0.942902301689223,0.9375,0.990752972258917,0.964439655172414,0.95,0.951433121019108,0.906926406926407,0.901705115346038,0.898692810457516,0.928571428571429,0.922509225092251,0.941224513684927,0.942408376963351,0.926489694679029,0.926829268292683,0.916666666666667,0.90625,0.951581975071908,0.942105263157895,0.898565155228758,0.899280575539568,0.893521965748325,0.877403846153846,0.925,0.906417112299465,0.995833333333333,1,1.00167224080268,1.00612430827372,1.04422604422604,1.04515050167224,1,0.96078431372549,0.991666666666667,0.977260981912145,0.986769570011025
"Oregon",27,,,,,,,,,,,,,,,,,,,,,,,,,,,,,,,,,,,,,,,,,,,,,,,,,,,,,,,,,,,,,,,,,,,,,,,,,,,,,,,,,,,,,1.59090909090909,1.66015130011658,1.68067226890756,1.72463333678835,1.7411728187082,1.65015479876161,1.64705882352941,1.64135886912905,1.59773182121414,1.64782608695652,1.63039248858061,1.61082474226804
"Oklahoma",28,,,,,,,,,,,,,,,,,,,,,,,,0.684749420367398,0.758537508277363,0.692668240850059,0.676136363636364,0.710526315789474,0.722478720233167,0.724770642201835,0.698795180722892,0.700365408038977,0.700365408038977,0.6975,0.689079010089775,0.692182410423453,0.694444444444444,0.692682926829268,0.697574893009986,0.694260485651214,0.683157894736842,0.692537313432836,0.687757909215956,0.699264705882353,0.719902961407897,0.708804434439985,0.707582631747146,0.7,0.679953085749618,0.695472082361128,0.718390804597701,0.757575757575758,0.741498655913978,0.755882352941176,0.760732323232323,0.764006791171477,0.795529595015576,0.790636042402827,0.754716981132076,0.742319652397049,0.751465661641541,0.768623538547056,0.782361308677098,0.791223404255319,0.773615635179153,0.763052208835341,0.769711138154102,0.758889919604205,0.776573878170497,0.76,0.760204081632653,0.759533691509858,0.764006791171477,0.791666666666667,0.791940339354132,0.764299802761341,0.777070667673359,0.758787878787879,0.813008130081301,0.76530612244898,0.760383697040369,0.732302685109845,0.855649919736214,0.79,0.781234806959836,0.782657657657658,0.798333333333333,0.825296697626419,0.826771653543307,0.814814814814815,0.809128630705394,0.787037037037037,0.767918088737201,0.757575757575758,0.784797675615145,0.8125
"Connecticut",29,1.25,1.26262626262626,1.3293543136191,1.2998266897747,1.39143690349947,1.34275618374558,1.1955205811138,1.24148754251642,1.26229508196721,1.26229508196721,1.34891670240834,1.3448275862069,1.34310134310134,1.42370682665802,1.46791004277597,1.46889756033578,1.4640356460853,1.38367585970253,1.34146540967491,1.30853994490358,1.29384351238656,1.2531328320802,1.2623836251058,1.32899691691601,1.36986301369863,1.44511378848728,1.40898705255141,1.33266666666667,1.3534531801115,1.33779761904762,1.31455399061033,1.28893662728249,1.27786899871276,1.27442650807137,1.25,1.24520151783083,1.27263086860118,1.29310344827586,1.34249755620723,1.33333333333333,1.31233595800525,1.26289207868155,1.27272727272727,1.33136234357224,1.35746606334842,1.35714285714286,1.33657351154313,1.33281086729363,1.33689839572193,1.35135135135135,1.36832712357932,1.37469477474252,1.39736055838633,1.42857142857143,1.43540669856459,1.40797870331911,1.38830483132418,1.32743362831858,1.27777777777778,1.30499124746637,1.328125,1.32252559726962,1.32102242951473,1.32831370772947,1.3448275862069,1.35714285714286,1.36007130124777,1.3555787278415,1.33731591009018,1.33643230679837,1.33459818427243,1.34095262974573,1.35714285714286,1.36853448275862,1.38089256686863,1.36852394916911,1.33111480865225,1.34817813765182,1.33297796730633,1.3302034428795,1.32940641585959,1.29411764705882,1.3317191283293,1.35974880382775,1.3684777676951,1.39393939393939,1.4052838673412,1.43188854489164,1.43540669856459,1.41666666666667,1.39911634756996,1.39880952380952,1.39470013947001,1.39700529957209,1.39393939393939,1.39784946236559
"Iowa",30,,,,,,,,,,,,,,,,,,,,,,0.912662901065626,0.910954446854664,0.923295454545455,0.870197885883884,0.875110496512249,0.9,0.902777777777778,0.896174863387978,0.935303582660096,0.902288794298077,0.846354166666667,0.850340136054422,0.913292271694997,0.905118601747815,0.88262432012432,0.885,0.869155242069011,0.845959595959596,0.845959595959596,0.855743740795287,0.892098555649958,0.908746817149542,0.910478128179044,0.9,0.880681818181818,0.911461425800578,0.928595830787525,0.921293147210668,0.966147941964135,0.932042130968887,0.912228796844181,0.976724854530341,0.986358866736621,0.959166666666667,0.981262327416174,0.970066518847007,0.907645722937169,0.938803894297636,0.895522388059702,0.902035344125368,0.951787198669992,0.951787198669992,0.97958731816681,0.96900123685838,0.95959595959596,0.951787198669992,0.953259532595326,0.951787198669992,0.951787198669992,0.966494845360825,0.969387755102041,0.97682119205298,0.981262327416174,0.981262327416174,0.981262327416174,0.981262327416174,0.951787198669992,0.99334995843724,0.921808790152167,0.968215940537111,0.99334995843724,0.992508312551953,1.03280318091451,1.0233918128655,1.06283922083264,1.05025125628141,1.02817974105103,0.997352162400706,0.998676081200353,1.03499285860029,1.04541768045418,1.08324974924774,1.04836886669235,1.04093822843823,1.02109176542031
"Mississippi",31,,,,,,,,,,,,,,,,,,,,,,,,,,,,,,,,,,,,,,,,,,,,,,,,,,,,,,,,,,,,,,,,,,,,,,,,,,,,,,,,,,,1.08984375,1.08131868131868,1.01256983240223,1.01256983240223,1.00635593220339,1.05706176993844,0.985714285714286,0.963975155279503,0.989847715736041,1,1.0546875,1.11111111111111,1.09546165884194,1.06653027823241
"Arkansas",32,,,,,,,,,,,,,,,,,,,,,,,,,,,,,,,,,,,,,,,,,,,,,,,,,,,,,,,,,,,,,0.761904761904762,0.683656017534538,0.703125,0.66843137254902,0.735294117647059,0.75,0.75,0.717124048994999,0.787211206515004,0.740563725490196,0.763492897158864,0.809280303030303,0.852272727272727,0.84280303030303,0.826656626506024,0.852272727272727,0.770833333333333,0.678268765133172,0.681818181818182,0.637092074592075,0.647420634920635,0.757575757575758,0.698924731182796,0.674662668665667,0.732335372960373,0.760869565217391,0.795454545454545,0.794221429655486,0.749605678233438,0.775838006958509,0.78713768115942,0.814032697547684,0.821590909090909,0.904040404040404,0.852618023968264,0.840909090909091
"Kansas",33,,,,,,,,,,,,,,,,,,,,,,,,,,,,,,,,,,,,,,,,,,,,,,,,,,,,,,,,,,,,,,,,,,,,,,,,,,,,,,,,,,,0.814249363867684,0.857959961868446,0.86682427107959,0.858561836138598,0.864719446579554,0.839262596447621,0.808823529411765,0.849256900212314,0.833333333333333,0.791856178779022,0.813626126126126,0.821251966734098,0.801427899112066,0.809170600134862
"Utah",34,,,,,,,,,,,,,0.83980227391188,0.791258477769405,0.809768011645549,0.849780701754386,0.859979720585565,0.87962962962963,0.896654919011631,0.836224942253754,0.827067669172932,0.825041459369818,0.875,0.854054054054054,0.840672538030424,0.855365474339036,0.860696517412935,0.846153846153846,0.842658892525914,0.843509905639283,0.823010499574657,0.813636363636364,0.819482600732601,0.82051282051282,0.84768479184367,0.833333333333333,0.847457627118644,0.864197530864197,0.864197530864197,0.877777777777778,0.858024691358025,0.855913696715584,0.839699943043546,0.869351669941061,0.91792656587473,0.881168193254742,0.897226753670473,0.876689223007468,0.88334742180896,0.883333333333333,0.883503195806789,0.873675854299544,0.873108265424913,0.876371821624546,0.878107457898957,0.887728375420499,0.898482347876005,0.889101338432122,0.879765395894428,0.924528301886792,0.935828877005348,0.957095709570957,0.947914529413489,0.911890936632164,0.914285714285714,0.921743427897621,0.948660714285714,0.960761677008817,0.934995547640249,0.943695805015233,0.972222222222222,0.943097997892518,0.972125097125097,0.932486631016043,0.96875,0.955882352941177,0.994031746031746,1,0.978062610281726,1.00308641975309,0.958305312710155,0.997967479674797,0.974941268598277,0.94658553076403,0.997017892644135,1.02273255543675,1.03535353535354,1.04064020037267,1.04961832061069,1.0596963526382,1.06033836599208,1.08333333333333,1.07108093074998,1.05421686746988,1.07038123167155,1.08254716981132
"Nevada",35,0.811295515886169,0.833333333333333,0.842113092499555,0.846760673966556,0.843253968253968,0.801253357206804,0.81014784203664,0.818883850772649,0.84070796460177,0.811798067567463,0.806451612903226,0.807968243082848,0.797872340425532,0.791245791245791,0.794251134644478,0.794392523364486,0.78125,0.788576300085251,0.802696078431373,0.797234759288331,0.78740157480315,0.77319587628866,0.791974656810982,0.783699059561129,0.776404220722506,0.775401069518717,0.776231263383298,0.780487804878049,0.778485491861288,0.78125,0.769026837425565,0.776965265082267,0.777777777777778,0.777605185647023,0.776143790849673,0.77191235059761,0.774047772756617,0.774221453287197,0.784632034632035,0.785714285714286,0.782429690918493,0.77319587628866,0.775096899224806,0.787857355568791,0.800220750551876,0.796593186372745,0.79265873015873,0.789592437773133,0.791231988365709,0.792393026941363,0.794318181818182,0.806451612903226,0.8,0.812064965197216,0.812064965197216,0.818224145486415,0.823005915952672,0.820242025457155,0.818452380952381,0.833333333333333,0.834432951045245,0.850340136054422,0.856682753416957,0.857261322643714,0.86536677387432,0.87962962962963,0.868748299677926,0.871872630780895,0.87719298245614,0.870646766169154,0.88785046728972,0.903574489471743,0.90702947845805,0.906735751295337,0.906464414809781,0.909090909090909,0.942229003794633,0.897621580366817,0.906735751295337,0.913394940553354,0.872825423837657,0.854848629131453,0.851383618300431,0.855327468230694,0.870833333333333,0.887812752219532,0.910717991284499,0.963687604263438,0.996735582154516,1.01269649334946,1.03010348071496,1.02834629442836,1.03373231773667,1.0273838505933,1.03699551569507,1.03926096997691
"New Mexico",36,,,,,,,,,,,,,,,,,,,,,,,,,,,,,,,,,,,,,,,,,,,,,,,,,,,,,,,,,,,,,,,,,,,,,,,,,,,,,,,,,,0.889008620689655,0.882899628252788,0.880572372041827,0.904522613065327,0.895,0.909090909090909,0.979877801046429,1.01449275362319,1.05871886120996,1.15894039735099,1.0840108401084,1.11850060459492,1.02640970735189,1.02313167259786,1.04
"Idaho",37,,,,,,,,,,,,,,,,1.15384615384615,1.17389333285613,1.15558060879369,1.18561648349838,1.15558060879369,1.05995159758601,1.15303983228512,1.05995159758601,0.966175359032502,0.951346655082537,0.834,0.969387755102041,0.969387755102041,0.85550430504305,0.800485436893204,0.769230769230769,0.697471665213601,0.684306569343066,0.689875730994152,0.697471665213601,0.691820938989779,0.738095238095238,0.738095238095238,0.738095238095238,0.738095238095238,0.710382513661202,0.6987358326068,0.7238369467028,0.762910798122066,0.722222222222222,0.757769311220678,0.731268589163326,0.704246243983134,0.727979115479116,0.727069351230425,0.726034675615213,0.735855263157895,0.731578947368421,0.731578947368421,0.747422680412371,0.75070821529745,0.771551724137931,0.791934145928559,0.791934145928559,0.777018492420475,0.80364900086881,0.775862068965517,0.780661839599663,0.794956140350877,0.787201625190452,0.794956140350877,0.796666666666667,0.795811403508772,0.792777215474584,0.771551724137931,0.805252259036145,0.807291666666667,0.844982078853047,0.841666666666667,0.841242091242091,0.822315705128205,0.820761494252874,0.747422680412371,0.826466602552894,0.820761494252874,0.807692307692308,0.833333333333333,0.807240704500979,0.892040256175663,0.87573385518591,0.909445488721804,0.932017543859649,0.915028669596841,0.959014598540146,0.961352657004831,0.964812712826334,0.969387755102041,1.01840202362664,0.978785229845675,0.967567567567568,0.978130375720737
"Hawaii",38,,,,,,,,,,,,,2.5,2.57125777140124,2.72435897435897,2.84090909090909,2.72496144206671,2.71583850931677,2.7253870343493,2.65193370165746,2.63876251137398,2.47678018575851,2.42395437262357,2.33386075949367,2.48462891136525,2.51507264520805,2.6246546961326,2.69865067466267,2.52225519287834,2.48532643348363,2.4390243902439,2.47912089828085,2.52525252525253,2.63157894736842,2.67857142857143,2.70658914728682,2.71493212669683,2.62096774193548,2.65531805791704,2.6369168356998,2.63157894736842,2.50943396226415,2.44755244755245,2.51945525291829,2.5951867816092,2.57289879931389,2.63921202914992,2.71427438001541,2.68595041322314,2.6218684228393,2.58438044350498,2.78688524590164,2.6972376120628,2.61707988980716,2.62331948779708,2.63611111111111,2.62205023440979,2.75,2.80252454417952,2.96815690299078,3.00279329608939,2.98270534290271,2.97514875743787,2.92485742021599,2.91666666666667,2.93785310734463,2.87671232876712,2.8,2.80701754385965,2.79017857142857,2.8078086852631,2.84280936454849,2.83510638297872,2.94117647058824,2.99657534246575,2.99419323591847,2.94659300184162,2.81879194630872,2.90872617853561,2.5693730729702,2.62303288914983,2.60223048327138,2.71325807969369,2.73069679849341,2.72887323943662,2.75196850393701,2.79503105590062,2.79878144477826,2.83018867924528,2.78805490903057,2.80046674445741,2.77314402582225,2.78330019880716,2.79985642498205,2.82152230971129,2.81804388422036
"Maine",39,,,,,,,,,,,,,,,,,,,,,,,,,,,,,,,,,,,,,,,,,,,,,,,,,,,,,,,,,,,,,,,,,,,,,,,,,,,,,,,,1.4760348583878,1.46842878120411,1.41569089618816,1.61277283751011,1.4183327588188,1.64670658682635,1.68926885402076,1.67400139122706,1.49626865671642,1.47900763358779,1.67553547787164,1.83764874801488,1.63460437421276,1.48291730690834,1.48104265402844,1.48104265402844,1.54748614650326
"New Hampshire",40,,,,,,,1,1.08712121212121,1.12612612612613,1.13636363636364,1.09227460096822,1.14259597806216,1.12699468085106,1.12999231950845,1.13874686716792,1.04166666666667,1.13714285714286,1.13798008534851,1.14902506963788,1.16500619372772,1.14329268292683,1.14285714285714,1.17403314917127,1.16071428571429,1.16279441884281,1.17403314917127,1.17426489673329,1.18413757443331,1.12206326134012,1.17459771973801,1.14097921352856,1.14795918367347,1.15433673469388,1.14068441064639,1.17647058823529,1.16279441884281,1.19972239550842,1.16758241758242,1.17100694444444,1.17108905780781,1.16013052936911,1.16739909536669,1.1875,1.183185428051,1.19047619047619,1.17117117117117,1.16712454212454,1.183970856102,1.17108905780781,1.18206586117034,1.17799790539361,1.19447779111645,1.19760479041916,1.17139334155364,1.1813888248682,1.1875,1.17712418300654,1.17437188942855,1.17589920658687,1.20547981399281,1.19723889555822,1.21666666666667,1.17799790539361,1.1734693877551,1.19710873664362,1.20714285714286,1.18343195266272,1.20664160401002,1.23203285420945,1.21685260311021,1.21128318584071,1.22622595983252,1.23600746268657,1.26344952494973,1.29935064935065,1.21666666666667,1.2687969924812,1.29667207792208,1.27128427128427,1.27636363636364,1.27489102437091,1.28205128205128,1.27777777777778,1.35460251046025,1.33095238095238,1.32378472222222,1.39151156579975,1.31868131868132,1.34263715110683,1.39097744360902,1.40318054256314,1.40979916331667,1.42532467532468,1.38888888888889,1.38691322901849,1.3869625520111
"Rhode Island",41,,,,,,,,,,,,,,,,,,,,,,,,,,,,,,,,,,,,,,,,,,1.22222222222222,1.20185185185185,1.21240601503759,1.33538777606574,1.33844905375334,1.34128166915052,1.22850122850123,1.25648057373502,1.25,1.25977301387137,1.32450976570114,1.34310918900564,1.34493670886076,1.38544679005205,1.33844905375334,1.3135593220339,1.30674002751032,1.32034489257444,1.33561643835616,1.33494305063876,1.40063694267516,1.46759906759907,1.48708416738157,1.40845070422535,1.37755102040816,1.37948533044883,1.37244839449541,1.33333333333333,1.33333333333333,1.40679953106682,1.38539042821159,1.46103896103896,1.47874812081454,1.5,1.41987052331662,1.48478835978836,1.4,1.48461538461538,1.44611261078787,1.4248142547176,1.38539042821159,1.38795986622074,1.41699475065617,1.53061224489796,1.61538461538462,1.66970802919708,1.67570323303401,1.62162162162162,1.62162162162162,1.58299140289175,1.52704678362573,1.4792899408284,1.49953139643861,1.47062488922368,1.5500859434683
"Montana",42,,,,,,,,,,,,,,,,,,,,,,,,,,,,,,,,,,,,,,,,,,,,,,,,,,,,,,,,,,,,,,,,,,,,,,,,,,,,,,,,,,,,0.962960099864862,1.01010101010101,1.05516099856989,1.07142857142857,1.08085641751477,1.0956612538891,1.06905980161766,1.10119047619048,1.12126245847176,1.11317254174397,1.03076171875,1.003861003861,1.03125
"Delaware",43,,,,,,,,,,,,,,,,,,,,,,,,,,,,,,,,,,,,,,,,,,,,,,,,,,,,,,,,,,,,,,,,,,,,,,,,,,,,,,,,,,,,,1.08863636363636,1.10294117647059,1.07426172464091,1.07578168234643,1.10294117647059,1.10702614379085,1.12390977443609,1.10147058823529,1.10212765957447,1.10341733603123,1.08695652173913,1.16666666666667
"Alaska",44,,,,,,,,,,,,,,,,,,,,,,,,1.24278170869538,1.19742519571717,1.25765869190177,1.30730050933786,1.27390909090909,1.21599264705882,1.24531639650873,1.28705148205928,1.26315789473684,1.26750184229919,1.30208333333333,1.26854754440961,1.26436781609195,1.29698662568533,1.38744513744514,1.33333333333333,1.26015770452305,1.32033300524934,1.29342202512934,1.33333333333333,1.31213450292398,1.36055622009569,1.36359088257729,1.32589104658748,1.34840509113765,1.30803242446573,1.32111655239961,1.32223310479922,1.30402384500745,1.39511403209022,1.44927536231884,1.41566265060241,1.39146567717996,1.39108167579928,1.35796113399176,1.36518518518519,1.34785819793205,1.32255694342395,1.33505154639175,1.33333333333333,1.33333333333333,1.33333333333333,1.36887608069164,1.39511403209022,1.375,1.31313131313131,1.32139812446718,1.32736572890026,1.30558300395257,1.30151098901099,1.31944444444444,1.28636454151713,1.35137347689993,1.29721362229102,1.32637566137566,1.28666002401043,1.25,1.28638288388678,1.27495019920319,1.27586206896552,1.23050595238095,1.25363020329138,1.26095423563778,1.26709573612228,1.31727935751305,1.35042407457778,1.34340890008396,1.31578947368421,1.28472222222222,1.30208333333333,1.29310344827586,1.29564912173608,1.32294481031183
"District of Columbia",45,,,,,,,,2.57482439436265,2.79611650485437,2.80701754385965,2.8179904672442,2.91639662994167,2.91336589433558,2.88590178567902,2.76119402985075,2.87547791489229,3.02041017603344,3.02287581699346,2.96985815602837,2.91545189504373,2.96026315789474,2.89265716214606,2.85053929121726,2.82950191570881,2.85830999066293,2.91381379297191,2.91704649042844,2.87162162162162,2.95349462365591,2.95698924731183,2.8169014084507,2.78794642857143,2.77237354085603,2.92079207920792,3.1,3.07944200407436,3.13764966452904,3.08724832214765,3.08084577114428,2.97020484171322,3.08270676691729,3.11989413403354,3.11134954697186,3.10173697270471,3.01324503311258,2.99174974623683,2.95170454545455,2.95895335608646,3,2.98826040554963,2.95767195767196,3.00093808630394,3.00359267647531,3.04439417576703,3.02197802197802,2.95244208081179,2.96244057880165,2.94051746276323,2.95091094965132,2.97635773922072,2.98504676601566,3.10379898068751,3.1127129750983,3.12126050156299,3.22061191626409,3.2017075773746,3.17567567567568,3.12322644721907,3.13793103448276,3.16831683168317,3.173828125,3.16901408450704,3.17955856034997,3.18463239358762,3.18840579710145,3.24806201550388,3.28960118319053,3.28030195884308,3.20887998982965,3.19829424307036,3.18791946308725,3.0982905982906,3.08943089430894,3.17063492063492,3.19,3.20748807482045,3.26842837273992,3.28571428571429,3.3288948069241,3.35036851620081,3.3502736318408,3.3273381294964,3.23830636487488,3.16649642492339,3.21361058601134,3.21872349721159
